MODALIDADE;CADASTRO;VALIDADE;SITUACAO;DT_NASCIMENTO;LOCAL_PONTO;PONTUACAO
ESCOLAR;127800;11/02/2008;CANCELADO;11/02/1954;;5
ESCOLAR;849700;11/04/2010;DESATIVADO;20/04/1955;;20
ESCOLAR;868001;15/02/2005;DESATIVADO;22/03/1966;;5
ESCOLAR;1134200;03/11/2002;DESATIVADO;13/11/1940;;10
ESCOLAR;1370900;27/10/2009;DESATIVADO;08/11/1941;;50
ESCOLAR;1430200;13/07/2004;DESATIVADO;13/07/1959;;10
ESCOLAR;1503600;26/05/2011;DESATIVADO;29/05/1966;;5
ESCOLAR;1505100;25/10/2006;CANCELADO;25/10/1946;;10
ESCOLAR;1657400;02/02/2003;DESATIVADO;02/02/1971;;5
ESCOLAR;1678700;05/12/2008;DESATIVADO;05/12/1962;;5
ESCOLAR;1728900;02/02/2004;DESATIVADO;02/02/1968;;25
ESCOLAR;1768500;30/07/2004;DESATIVADO;30/07/1964;;45
ESCOLAR;1839700;20/11/2007;DESATIVADO;20/11/1952;;10
ESCOLAR;1840000;15/09/2012;DESATIVADO;19/09/1974;;5
ESCOLAR;1891900;04/10/2013;DESATIVADO;26/01/1978;;40
ESCOLAR;1971900;01/08/2003;DESATIVADO;01/08/1958;;40
ESCOLAR;1987000;22/01/2007;DESATIVADO;22/01/1975;;20
ESCOLAR;2022000;26/03/2007;DESATIVADO;26/03/1981;;5
ESCOLAR;2092100;03/09/2005;BLOQUEADO;03/09/1960;;5
ESCOLAR;2120200;29/08/2007;DESATIVADO;29/08/1967;;5
ESCOLAR;2137900;22/02/2006;DESATIVADO;22/02/1966;;10
ESCOLAR;2140000;15/02/2003;DESATIVADO;15/02/1967;;60
ESCOLAR;2174100;16/03/2010;CANCELADO;28/03/1965;;5
ESCOLAR;2244600;18/03/2007;DESATIVADO;18/03/1962;;10
ESCOLAR;2288000;21/06/2007;CANCELADO;21/06/1978;;10
ESCOLAR;2441700;22/02/2008;DESATIVADO;22/02/1982;;5
ESCOLAR;2446700;07/03/2006;DESATIVADO;07/03/1979;;10
ESCOLAR;2827000;07/11/2010;DESATIVADO;05/11/1960;;15
ESCOLAR;2841700;01/03/2008;DESATIVADO;01/03/1976;;5
ESCOLAR;2858200;27/01/2012;DESATIVADO;02/02/1981;;10
ESCOLAR;2886000;11/06/2008;DESATIVADO;11/06/1975;;10
ESCOLAR;3095300;27/11/2015;ATIVO;11/11/1980;;5
ESCOLAR;3311900;06/03/2017;ATIVO;12/08/1980;;10
ESCOLAR;3617700;24/04/2017;ATIVO;07/04/1984;;5
ESCOLAR;3752100;30/10/2017;ATIVO;15/12/1952;;5
TAXI;4332;15/08/2016;ATIVO;02/08/1948;;10
TAXI;4839;21/06/2016;ATIVO;12/07/1946;19080093;5
TAXI;7935;22/11/2016;ATIVO;14/12/1946;2120224;5
TAXI;8230;04/06/2014;ATIVO;23/07/1954;20041071;5
TAXI;15431;06/01/2015;ATIVO;04/02/1945;2080109;5
TAXI;31232;06/07/2014;ATIVO;05/10/1931;20060459;10
TAXI;45233;05/05/2014;ATIVO;13/04/1954;20040580;5
TAXI;68535;17/05/2015;ATIVO;02/05/1927;12060291;10
TAXI;79138;12/01/2017;BLOQUEADO;20/02/1948;;120
TAXI;84832;17/08/2015;ATIVO;;18020054;5
TAXI;93831;23/03/2015;ATIVO;11/05/1945;;10
TAXI;94536;15/12/2017;ATIVO;;17080401;10
TAXI;108731;19/04/2016;ATIVO;16/08/1950;2040069;10
TAXI;154636;18/10/2016;ATIVO;06/10/1930;11020130;10
TAXI;154733;02/01/2019;ATIVO;;24001376;5
TAXI;159336;30/01/2016;ATIVO;07/05/1935;20080549;15
TAXI;185531;05/10/2018;ATIVO;29/04/1953;;5
TAXI;191337;01/07/2016;ATIVO;17/08/1927;20040350;15
TAXI;204730;10/08/2015;ATIVO;;12100226;5
TAXI;237132;01/06/2015;ATIVO;30/05/1905;2040069;10
TAXI;244236;11/12/2014;ATIVO;02/02/1950;17140170;10
TAXI;255238;23/07/2016;ATIVO;27/06/1937;;5
TAXI;263133;14/01/2016;ATIVO;21/02/1934;20040687;10
TAXI;294438;02/05/2015;?BITO;26/06/1942;23040327;10
TAXI;307734;25/10/2012;CANCELADO;10/05/1946;;20
TAXI;310433;18/07/2016;ATIVO;10/08/1943;20041187;10
TAXI;332437;04/04/2016;ATIVO;17/10/1934;9080082;30
TAXI;359033;25/11/2014;BLOQUEADO;28/12/1949;17040191;10
TAXI;378631;04/07/2014;ATIVO;04/04/1941;17060400;20
TAXI;392537;10/08/2012;?BITO;;;10
TAXI;397334;31/08/2015;ATIVO;02/10/1934;18020054;5
TAXI;400432;27/01/2014;?BITO;;11060026;5
TAXI;403431;14/11/2015;ATIVO;04/12/1942;8060029;10
TAXI;406635;03/04/2016;ATIVO;26/04/1943;;10
TAXI;408530;19/06/2018;ATIVO;05/07/1948;20040440;10
TAXI;454133;24/07/2015;ATIVO;03/08/1947;;5
TAXI;486132;28/11/2007;?BITO;06/12/1935;4160134;10
TAXI;505536;21/06/2015;ATIVO;19/01/1933;11040270;5
TAXI;505633;11/10/2016;ATIVO;27/01/1928;7060084;5
TAXI;515930;04/04/2015;ATIVO;;2040069;5
TAXI;542636;09/08/2014;ATIVO;;17100810;10
TAXI;549037;22/03/2015;ATIVO;30/08/1945;20040580;5
TAXI;587230;24/11/2014;ATIVO;05/01/1942;17040884;5
TAXI;593435;09/03/2015;ATIVO;29/11/1934;;15
TAXI;650838;25/03/2007;CANCELADO;;;10
TAXI;653632;03/01/2015;ATIVO;02/01/1939;11020172;10
TAXI;654132;23/09/2016;ATIVO;05/11/1930;;10
TAXI;658839;30/04/2016;ATIVO;15/06/1942;18040349;10
TAXI;661830;15/02/2014;ATIVO;05/05/1928;20040520;5
TAXI;664537;03/11/2014;ATIVO;20/10/1940;12080047;15
TAXI;674435;07/11/2015;ATIVO;;20080140;5
TAXI;692530;16/12/2016;ATIVO;;2120224;5
TAXI;694339;02/05/2013;?BITO;;;15
TAXI;698032;18/03/2016;ATIVO;;8040150;15
TAXI;703630;04/10/2016;ATIVO;30/11/1928;18040292;5
TAXI;704130;25/09/2015;ATIVO;;23020040;10
TAXI;704733;30/07/2015;ATIVO;09/08/1941;14200058;10
TAXI;733334;16/12/2014;ATIVO;;17120802;5
TAXI;752835;25/07/2015;ATIVO;20/08/1942;;5
TAXI;762431;01/02/2017;ATIVO;08/02/1947;18040640;5
TAXI;770337;23/11/2016;ATIVO;;7060025;10
TAXI;775932;16/01/2015;ATIVO;04/03/1922;11040351;5
TAXI;776734;02/04/2016;ATIVO;21/01/1941;2080249;5
TAXI;779636;08/08/2014;ATIVO;12/11/1928;;5
TAXI;781339;09/06/2013;CANCELADO;05/07/1953;;15
TAXI;820032;19/11/2016;ATIVO;18/11/1943;17100810;5
TAXI;833134;22/01/2016;ATIVO;12/04/1937;24000418;10
TAXI;841137;01/09/2009;?BITO;21/09/1932;;10
TAXI;855839;25/07/2018;ATIVO;;20060459;5
TAXI;862835;30/05/2010;?BITO;;23080140;40
TAXI;864030;05/07/2018;ATIVO;13/08/1948;5140030;10
TAXI;888931;27/06/2016;ATIVO;18/08/1934;;10
TAXI;926833;10/01/2019;ATIVO;23/02/1949;23040327;15
TAXI;940933;17/06/2011;?BITO;19/07/1934;2040069;10
TAXI;943630;27/10/2016;ATIVO;;24000850;5
TAXI;944033;24/02/2017;ATIVO;30/03/1947;7060084;5
TAXI;958735;15/10/2015;ATIVO;08/11/1941;;50
TAXI;971332;01/12/2014;ATIVO;30/01/1945;17120730;5
TAXI;1062433;07/11/2012;CASSADO;20/04/1940;;60
TAXI;1071432;04/01/2017;?BITO;;17040477;10
TAXI;1087932;21/05/2014;ATIVO;25/12/1943;18040195;10
TAXI;1089536;29/09/2014;ATIVO;23/10/1932;17040353;15
TAXI;1096737;30/04/2016;ATIVO;29/09/1919;11060026;5
TAXI;1170430;10/05/2016;ATIVO;19/06/1930;11080027;5
TAXI;1173839;30/07/2016;ATIVO;30/04/1938;17040639;5
TAXI;1174231;14/07/2014;ATIVO;;18040381;5
TAXI;1211439;24/07/2015;ATIVO;28/08/1929;11040270;10
TAXI;1241532;31/01/2017;ATIVO;;24001910;5
TAXI;1261835;29/01/2017;ATIVO;24/12/1935;24000604;10
TAXI;1269437;25/08/2012;?BITO;;17140188;15
TAXI;1281631;16/10/2014;ATIVO;12/12/1944;12100226;10
TAXI;1290630;07/06/2014;ATIVO;06/09/1940;;10
TAXI;1292137;24/10/2015;ATIVO;24/11/1933;3040461;5
TAXI;1313339;14/12/2016;ATIVO;30/08/1938;11120029;20
TAXI;1317237;14/07/2014;ATIVO;19/09/1944;18020259;10
TAXI;1339133;21/09/2015;ATIVO;09/11/1950;18080812;10
TAXI;1344331;21/05/2014;ATIVO;01/06/1938;11040254;10
TAXI;1344536;06/12/2015;ATIVO;;24000809;5
TAXI;1346130;24/05/2015;ATIVO;06/08/1932;3040313;10
TAXI;1367838;07/06/2016;ATIVO;04/10/1934;11120037;5
TAXI;1371932;26/10/2015;ATIVO;09/12/1926;11060182;10
TAXI;1373030;11/03/2013;?BITO;14/01/1942;;5
TAXI;1387332;08/09/2012;?BITO;27/11/1943;;5
TAXI;1410130;11/05/2015;ATIVO;30/05/1932;24000299;5
TAXI;1411730;21/03/2014;ATIVO;04/04/1941;20040342;10
TAXI;1427636;20/03/2015;ATIVO;30/04/1942;;10
TAXI;1431633;17/12/2015;ATIVO;16/02/1942;17120047;5
TAXI;1446231;02/10/2016;ATIVO;;24000850;5
TAXI;1449230;03/01/2016;ATIVO;08/01/1943;24000817;10
TAXI;1456636;28/07/2015;ATIVO;01/09/1950;24000477;5
TAXI;1466232;09/04/2018;ATIVO;26/04/1949;;10
TAXI;1471236;27/07/2014;ATIVO;;2120224;5
TAXI;1471430;23/02/2014;ATIVO;13/06/1931;17060478;15
TAXI;1500830;22/01/2016;ATIVO;04/10/1942;;20
TAXI;1511335;29/04/2016;ATIVO;18/03/1943;;5
TAXI;1528637;22/08/2014;ATIVO;30/09/1941;20040806;30
TAXI;1538039;03/01/2018;ATIVO;10/02/1948;11120037;5
TAXI;1545531;18/03/2014;ATIVO;19/03/1954;24000647;5
TAXI;1557238;31/01/2015;ATIVO;;23020172;10
TAXI;1558536;12/07/2016;ATIVO;19/12/1929;18040071;10
TAXI;1562339;28/03/2015;ATIVO;21/04/1942;17120730;5
TAXI;1582135;14/09/2014;ATIVO;13/11/1944;23040319;25
TAXI;1595334;06/02/2017;ATIVO;;24000272;5
TAXI;1615831;14/02/2016;ATIVO;;;10
TAXI;1622030;04/04/2018;ATIVO;01/05/1948;17040094;5
TAXI;1623737;03/05/2015;ATIVO;28/06/1942;24001740;5
TAXI;1637231;06/02/2011;?BITO;;;10
TAXI;1644831;04/01/2016;ATIVO;;18040403;5
TAXI;1663836;07/05/2015;ATIVO;13/07/1941;2040069;5
TAXI;1671936;15/02/2016;ATIVO;12/12/1942;;10
TAXI;1688634;21/02/2016;ATIVO;09/02/1943;20080662;10
TAXI;1735730;08/03/2015;ATIVO;04/03/1950;11040270;15
TAXI;1788230;08/10/2015;ATIVO;13/11/1940;24000310;10
TAXI;1816535;20/01/2017;ATIVO;10/10/1942;;5
TAXI;1826832;25/03/2014;ATIVO;04/04/1925;24000086;5
TAXI;1880039;01/10/2016;ATIVO;21/10/1934;11060026;10
TAXI;1880535;07/04/2014;ATIVO;;17040299;5
TAXI;1888234;20/04/2015;ATIVO;09/05/1941;;10
TAXI;1906933;15/01/2016;ATIVO;04/04/1951;11120037;5
TAXI;1913638;21/03/2017;ATIVO;13/04/1952;2060116;10
TAXI;1925237;20/09/2016;ATIVO;20/10/1946;;5
TAXI;1975331;21/06/2015;ATIVO;17/06/1942;23060034;15
TAXI;2020130;15/10/2012;?BITO;01/11/1939;24000450;10
TAXI;2032430;12/06/2017;ATIVO;13/07/1952;7060084;5
TAXI;2124637;18/05/2009;?BITO;;2040069;10
TAXI;2132630;08/08/2015;ATIVO;25/06/1938;24000817;10
TAXI;2170930;13/11/2018;ATIVO;31/12/1948;22120092;10
TAXI;2222639;02/02/2016;ATIVO;14/03/1946;;25
TAXI;2224933;01/12/2014;ATIVO;;17100313;5
TAXI;2248034;05/09/2016;ATIVO;11/10/1946;24000086;5
TAXI;2291134;03/12/2016;ATIVO;27/02/1937;2120224;5
TAXI;2311330;04/06/2016;ATIVO;16/08/1939;17100240;10
TAXI;2314630;12/06/2016;ATIVO;12/06/1938;;5
TAXI;2330237;09/08/2017;ATIVO;07/09/1947;;10
TAXI;2344734;23/11/2014;ATIVO;;17100178;10
TAXI;2349833;28/12/2014;ATIVO;07/02/1933;11020296;5
TAXI;2357631;13/05/2014;ATIVO;;12100145;10
TAXI;2371839;15/08/2014;ATIVO;26/09/1940;12060127;5
TAXI;2392933;14/12/2016;ATIVO;11/12/1950;2040069;5
TAXI;2393034;02/08/2015;ATIVO;06/08/1945;3080200;20
TAXI;2423030;17/02/2014;ATIVO;17/03/1943;24001260;5
TAXI;2443830;10/06/2016;ATIVO;17/09/1946;17060095;10
TAXI;2447533;01/07/2015;ATIVO;20/07/1950;4020049;10
TAXI;2449331;06/08/2016;ATIVO;28/12/1945;;10
TAXI;2472031;08/01/2010;CANCELADO;16/01/1937;;10
TAXI;2485133;05/06/2018;ATIVO;04/07/1948;24001600;10
TAXI;2518732;17/01/2017;ATIVO;26/01/1973;;5
TAXI;2529432;04/12/2017;ATIVO;11/01/1951;7060084;10
TAXI;2531631;02/05/2017;ATIVO;07/06/1947;24001805;5
TAXI;2538237;07/05/2016;ATIVO;;12040134;10
TAXI;2549930;13/06/2016;ATIVO;29/06/1938;2040069;10
TAXI;2551632;02/08/2015;ATIVO;08/09/1936;18040535;5
TAXI;2552035;11/03/2015;ATIVO;20/03/1955;18040640;10
TAXI;2557738;03/06/2014;ATIVO;;;10
TAXI;2571137;05/08/2018;ATIVO;16/08/1948;18060080;10
TAXI;2574535;12/11/2017;ATIVO;;7080042;10
TAXI;2581639;16/12/2016;ATIVO;02/08/1947;20060688;10
TAXI;2588234;09/03/2014;ATIVO;13/07/1944;7080050;5
TAXI;2588331;28/09/2017;ATIVO;09/11/1952;23080230;5
TAXI;2598337;10/04/2016;ATIVO;15/05/1943;24000892;5
TAXI;2604833;23/09/2016;ATIVO;21/10/1942;24001732;10
TAXI;2642735;02/09/2008;?BITO;14/10/1918;;10
TAXI;2674033;20/06/2017;ATIVO;22/06/1949;;15
TAXI;2735334;18/03/2016;ATIVO;28/03/1943;20120478;5
TAXI;2738031;14/02/2016;ATIVO;24/01/1934;20040970;10
TAXI;2769832;16/09/2016;ATIVO;15/09/1943;;5
TAXI;2778033;14/02/2014;?BITO;14/04/1933;1060236;15
TAXI;2779030;12/12/2014;ATIVO;24/02/1935;24000973;5
TAXI;2786834;13/05/2014;ATIVO;16/07/1954;11020229;10
TAXI;2815532;09/02/2015;ATIVO;11/02/1945;;5
TAXI;2851334;30/01/2017;ATIVO;01/03/1952;18060170;5
TAXI;2857332;09/05/2007;CANCELADO;09/05/1947;;20
TAXI;2858231;24/04/2015;ATIVO;01/06/1937;17040035;10
TAXI;2871130;22/01/2019;ATIVO;;24001309;10
TAXI;2871734;11/07/2014;ATIVO;08/06/1941;;10
TAXI;2879131;27/08/2015;ATIVO;;17100054;15
TAXI;2913739;21/11/2016;ATIVO;14/12/1950;18060340;5
TAXI;2919931;26/04/2017;ATIVO;18/05/1952;;20
TAXI;2951436;08/09/2015;ATIVO;27/08/1955;23040327;5
TAXI;2979837;31/10/2017;ATIVO;25/11/1952;18040640;5
TAXI;2981530;19/03/2017;ATIVO;27/05/1949;24000833;10
TAXI;3009734;05/01/2015;ATIVO;;20040202;5
TAXI;3021734;29/10/2016;ATIVO;22/11/1936;11060182;5
TAXI;3036537;19/10/2014;ATIVO;;24000361;10
TAXI;3075036;05/09/2016;ATIVO;16/10/1951;18020070;10
TAXI;3141632;11/05/2017;ATIVO;21/06/1947;12100226;5
TAXI;3151336;27/01/2014;ATIVO;18/06/1945;;10
TAXI;3181430;07/11/2017;ATIVO;26/11/1954;;40
TAXI;3193837;20/06/2017;ATIVO;;13160079;10
TAXI;3228231;02/06/2015;ATIVO;;;5
TAXI;3244830;22/10/2013;CANCELADO;12/11/1937;;10
TAXI;3270238;05/09/2015;BLOQUEADO;03/09/1943;;90
TAXI;3309037;05/03/2016;ATIVO;04/04/1956;23060085;5
TAXI;3317633;17/06/2016;?BITO;06/12/1956;;10
TAXI;3327132;04/05/2016;ATIVO;29/07/1951;;15
TAXI;3345130;14/06/2014;ATIVO;21/06/1932;18040403;5
TAXI;3359638;08/11/2015;ATIVO;;8080062;10
TAXI;3390934;03/08/2015;ATIVO;;17040531;5
TAXI;3392031;06/12/2015;ATIVO;24/12/1955;;10
TAXI;3408132;04/03/2015;ATIVO;;18080065;10
TAXI;3417638;03/04/2018;ATIVO;13/04/1952;;10
TAXI;3444430;05/10/2013;CANCELADO;22/07/1930;;30
TAXI;3452530;16/12/2014;ATIVO;;2100118;10
TAXI;3468330;19/10/2017;ATIVO;01/12/1947;;10
TAXI;3494233;04/09/2014;ATIVO;24/09/1944;17040213;10
TAXI;3504034;04/03/2016;ATIVO;01/04/1942;24001651;10
TAXI;3541436;16/07/2017;ATIVO;13/08/1947;;10
TAXI;3557839;26/02/2016;ATIVO;24/02/1948;20040350;5
TAXI;3595838;11/04/2014;ATIVO;01/06/1937;;5
TAXI;3599833;12/03/2018;ATIVO;;23040327;20
TAXI;3610632;09/09/2014;ATIVO;09/01/1933;20040210;10
TAXI;3637930;27/01/2016;ATIVO;15/03/1951;;10
TAXI;3682137;16/03/2015;ATIVO;;24001163;10
TAXI;3692035;16/11/2014;ATIVO;20/06/1932;20040199;10
TAXI;3735036;04/07/2017;ATIVO;05/07/1952;20040865;5
TAXI;3752232;25/05/2015;ATIVO;05/06/1943;24000817;10
TAXI;3758338;20/05/2016;ATIVO;01/05/1948;24000388;5
TAXI;3759733;27/07/2015;ATIVO;06/09/1950;;10
TAXI;3776735;18/12/2015;ATIVO;10/01/1944;24000540;10
TAXI;3820335;03/04/2014;ATIVO;;17060648;10
TAXI;3822630;19/02/2015;ATIVO;03/03/1945;17120730;10
TAXI;3845532;15/04/2015;ATIVO;12/05/1950;23040327;25
TAXI;3857034;21/02/2016;ATIVO;16/03/1951;;10
TAXI;3925536;26/12/2014;ATIVO;08/01/1942;;5
TAXI;3929736;08/10/2014;ATIVO;02/11/1944;;20
TAXI;3941531;27/02/2015;BLOQUEADO;;24001740;10
TAXI;3951430;09/03/2010;CANCELADO;31/03/1935;18060099;10
TAXI;4004736;30/09/2014;ATIVO;;;10
TAXI;4005430;04/02/2011;?BITO;02/03/1941;;5
TAXI;4013131;07/03/2016;ATIVO;15/03/1943;18080723;10
TAXI;4016130;16/12/2014;ATIVO;06/01/1945;18040071;5
TAXI;4017234;18/01/2016;ATIVO;08/01/1948;17120730;5
TAXI;4047931;24/05/2014;ATIVO;;11120037;5
TAXI;4067436;23/08/2016;ATIVO;12/09/1948;17080240;10
TAXI;4093232;15/01/2016;ATIVO;25/01/1946;17080649;10
TAXI;4105435;01/09/2015;ATIVO;20/10/1950;23040327;10
TAXI;4112539;06/02/2015;ATIVO;04/03/1942;12040444;5
TAXI;4131231;30/03/2017;ATIVO;20/05/1952;17140277;10
TAXI;4149033;20/03/2017;ATIVO;08/04/1952;;10
TAXI;4151631;19/10/2016;ATIVO;;;10
TAXI;4171233;24/10/2018;ATIVO;12/12/1948;24000051;10
TAXI;4184033;03/06/2018;ATIVO;25/07/1953;8060096;5
TAXI;4189833;27/06/2016;ATIVO;12/01/1947;;10
TAXI;4191935;14/09/2014;ATIVO;25/10/1949;;10
TAXI;4202937;05/03/2015;ATIVO;29/03/1942;20060092;10
TAXI;4228332;06/03/2015;ATIVO;24/04/1938;24001600;10
TAXI;4229436;14/04/2015;ATIVO;13/05/1950;18020801;5
TAXI;4248031;23/07/2018;ATIVO;04/09/1953;;5
TAXI;4377737;26/08/2018;ATIVO;18/03/1954;;5
TAXI;4412435;21/02/2016;ATIVO;03/04/1937;;5
TAXI;4440935;13/09/2012;BLOQUEADO;13/09/1952;;30
TAXI;4443535;01/09/2014;ATIVO;08/10/1931;7100116;10
TAXI;4456130;24/07/2016;ATIVO;24/08/1934;;15
TAXI;4463234;10/04/2016;ATIVO;;17080843;5
TAXI;4466330;07/04/2013;?BITO;20/04/1948;24000639;5
TAXI;4472136;09/04/2013;?BITO;;;10
TAXI;4476530;11/09/2018;ATIVO;08/11/1953;;5
TAXI;4479831;28/01/2016;ATIVO;14/02/1944;;15
TAXI;4494237;30/08/2016;ATIVO;09/12/1950;10060073;10
TAXI;4500032;05/10/2014;ATIVO;11/08/1941;;5
TAXI;4529138;12/11/2014;ATIVO;29/12/1944;18040292;5
TAXI;4536231;10/02/2015;ATIVO;;;5
TAXI;4544730;19/11/2016;ATIVO;15/01/1943;9080090;5
TAXI;4557530;25/08/2016;ATIVO;29/08/1946;;30
TAXI;4559630;14/09/2014;ATIVO;08/07/1939;;10
TAXI;4567030;12/11/2009;CANCELADO;12/11/1950;;10
TAXI;4569733;17/09/2016;ATIVO;24/10/1942;24000086;5
TAXI;4583639;13/11/2014;ATIVO;06/09/1953;24001678;10
TAXI;4597036;08/11/2016;ATIVO;;24000353;5
TAXI;4599632;01/10/2014;ATIVO;01/10/1954;11100222;5
TAXI;4609832;14/08/2015;ATIVO;30/08/1933;;5
TAXI;4619234;11/05/2014;ATIVO;24/07/1949;;10
TAXI;4635434;03/05/2015;ATIVO;23/05/1955;;5
TAXI;4643330;15/04/2014;BLOQUEADO;26/02/1949;;10
TAXI;4657039;02/10/2018;ATIVO;;18060064;10
TAXI;4661737;28/05/2016;ATIVO;;24000361;5
TAXI;4663136;08/08/2017;ATIVO;31/07/1956;1080091;10
TAXI;4685938;28/05/2015;ATIVO;14/07/1938;20040474;5
TAXI;4733231;11/02/2015;ATIVO;18/03/1955;;15
TAXI;4737334;02/02/2015;ATIVO;11/03/1955;6140076;10
TAXI;4745639;28/07/2014;ATIVO;04/10/1934;1080075;10
TAXI;4756738;05/01/2017;ATIVO;;18140220;10
TAXI;4758234;21/08/2017;ATIVO;10/10/1952;18040330;5
TAXI;4763831;30/09/2015;?BITO;17/11/1945;24000922;20
TAXI;4792033;28/12/2018;ATIVO;12/01/1949;;10
TAXI;4803639;26/04/2015;ATIVO;27/05/1950;24000116;10
TAXI;4812735;30/06/2016;ATIVO;13/08/1956;;10
TAXI;4818830;01/11/2014;ATIVO;24/12/1941;18060080;10
TAXI;4819934;08/08/2017;ATIVO;09/05/1952;11100214;5
TAXI;4828739;11/09/2013;CANCELADO;;;20
TAXI;4829336;30/07/2016;ATIVO;13/09/1942;;10
TAXI;4830032;21/08/2016;ATIVO;02/09/1943;1080075;5
TAXI;4864638;02/07/2016;ATIVO;01/07/1934;18040292;5
TAXI;4900634;09/08/2014;ATIVO;27/05/1943;;5
TAXI;4914031;26/09/2010;?BITO;;;10
TAXI;4914635;21/03/2018;ATIVO;08/04/1948;20060521;10
TAXI;4962931;23/08/2009;?BITO;04/09/1939;;120
TAXI;5025435;23/01/2017;ATIVO;;24000027;5
TAXI;5034230;04/04/2016;ATIVO;25/04/1939;17080193;10
TAXI;5041937;12/09/2017;ATIVO;;2040069;5
TAXI;5059437;11/02/2017;ATIVO;27/02/1952;;10
TAXI;5068932;19/06/2014;ATIVO;29/05/1954;;30
TAXI;5083931;30/10/2015;ATIVO;28/08/1939;;10
TAXI;5084130;13/05/2014;ATIVO;30/06/1948;;20
TAXI;5092132;02/08/2018;ATIVO;15/09/1948;2120224;5
TAXI;5114438;19/04/2015;ATIVO;29/05/1950;18040411;10
TAXI;5126231;12/07/2015;ATIVO;15/08/1938;;10
TAXI;5129931;11/10/2014;ATIVO;03/10/1935;20040270;5
TAXI;5142431;22/07/2010;?BITO;10/08/1939;11120037;30
TAXI;5155037;08/05/2017;ATIVO;10/06/1948;;5
TAXI;5176530;10/08/2015;ATIVO;12/08/1946;17100364;10
TAXI;5206634;25/05/2014;ATIVO;29/05/1941;17040213;5
TAXI;5208530;24/05/2018;ATIVO;;;10
TAXI;5222630;01/12/2016;ATIVO;;2040069;10
TAXI;5241030;17/08/2016;ATIVO;19/09/1956;24000671;10
TAXI;5251230;03/08/2013;CANCELADO;08/11/1927;11100060;15
TAXI;5267838;26/07/2015;ATIVO;26/08/1950;10080181;10
TAXI;5284830;12/11/2014;ATIVO;30/01/1945;18040535;5
TAXI;5293430;07/12/2017;ATIVO;18/12/1952;18040063;5
TAXI;5313031;06/05/2018;ATIVO;15/05/1948;;5
TAXI;5320739;27/08/2014;ATIVO;23/09/1944;;10
TAXI;5329736;21/02/2016;ATIVO;22/02/1940;24000809;5
TAXI;5335132;07/05/2014;ATIVO;;18140335;10
TAXI;5343631;15/08/2016;ATIVO;;;5
TAXI;5351839;02/12/2016;ATIVO;;2060078;5
TAXI;5357233;25/07/2018;ATIVO;02/08/1948;;10
TAXI;5379636;08/04/2016;ATIVO;04/08/1934;11060042;5
TAXI;5387833;09/02/2016;ATIVO;25/06/1956;;10
TAXI;5395330;06/01/2015;ATIVO;03/01/1950;17040035;5
TAXI;5395836;26/03/2014;ATIVO;21/04/1939;21120161;10
TAXI;5410630;04/05/2016;ATIVO;05/06/1943;12040487;5
TAXI;5429331;26/09/2015;ATIVO;;2100185;10
TAXI;5434432;29/05/2017;ATIVO;12/06/1956;5120039;15
TAXI;5465532;11/04/2017;ATIVO;09/04/1957;9080082;30
TAXI;5484731;22/02/2017;BLOQUEADO;17/04/1952;17100283;10
TAXI;5487838;12/01/2015;ATIVO;31/07/1954;;5
TAXI;5491533;15/03/2015;ATIVO;09/09/1948;;10
TAXI;5499739;12/12/2016;ATIVO;;12120022;10
TAXI;5500532;08/07/2015;ATIVO;12/07/1947;18040306;5
TAXI;5509238;31/05/2015;ATIVO;28/05/1955;20040806;10
TAXI;5522137;02/05/2016;ATIVO;13/06/1928;24001163;10
TAXI;5528330;23/09/2015;ATIVO;25/09/1950;;5
TAXI;5533732;09/04/2015;ATIVO;04/05/1938;6180205;10
TAXI;5535832;09/10/2016;ATIVO;27/10/1943;23060204;5
TAXI;5538637;27/02/2018;ATIVO;09/02/1953;20020104;10
TAXI;5542430;06/10/2013;?BITO;25/10/1948;7060084;5
TAXI;5542634;03/07/2018;ATIVO;21/07/1948;24000809;10
TAXI;5549736;26/04/2015;ATIVO;05/06/1950;23080175;10
TAXI;5603838;21/08/2017;ATIVO;;18020259;5
TAXI;5629837;26/01/2014;ATIVO;12/02/1954;17081379;30
TAXI;5641136;06/10/2015;ATIVO;30/10/1950;8040125;5
TAXI;5649935;04/11/2013;CANCELADO;15/02/1949;24000620;20
TAXI;5651735;25/08/2015;ATIVO;22/09/1941;11080280;10
TAXI;5669537;15/03/2014;ATIVO;22/03/1936;;10
TAXI;5682134;22/03/2015;CASSADO;12/07/1954;;20
TAXI;5706734;18/12/2014;ATIVO;17/01/1950;2060027;10
TAXI;5723035;30/03/2014;ATIVO;30/03/1938;20060867;20
TAXI;5723531;12/08/2016;ATIVO;29/06/1948;;10
TAXI;5736838;30/01/2016;ATIVO;26/07/1944;;10
TAXI;5752833;30/04/2017;?BITO;06/05/1957;;5
TAXI;5763436;18/01/2015;ATIVO;02/02/1948;;5
TAXI;5774330;20/01/2016;ATIVO;05/12/1955;12040100;5
TAXI;5778034;18/06/2017;ATIVO;12/07/1947;23100060;10
TAXI;5787238;18/10/2015;ATIVO;;;15
TAXI;5794730;02/06/2015;ATIVO;07/08/1940;17040183;10
TAXI;5801133;19/05/2014;ATIVO;07/12/1944;24000205;10
TAXI;5819938;09/09/2013;?BITO;;20060831;5
TAXI;5824338;16/07/2014;ATIVO;09/11/1954;;5
TAXI;5832039;15/10/2016;ATIVO;;20020228;10
TAXI;5836239;04/02/2016;ATIVO;10/04/1946;24000833;10
TAXI;5847036;14/05/2015;ATIVO;27/02/1950;17060281;10
TAXI;5857333;14/09/2014;ATIVO;01/11/1949;;20
TAXI;5871336;17/12/1978;CANCELADO;;;20
TAXI;5873630;04/11/2014;ATIVO;24/08/1954;17060524;5
TAXI;5881838;25/09/2018;ATIVO;29/07/1953;;5
TAXI;5886139;17/09/2017;ATIVO;;;5
TAXI;5891930;16/04/2018;ATIVO;31/12/1949;;5
TAXI;5897831;09/02/2016;ATIVO;30/12/1955;11060433;10
TAXI;5901030;25/07/2016;ATIVO;16/08/1950;17040035;5
TAXI;5903238;22/02/2015;ATIVO;08/03/1943;20020180;10
TAXI;5907438;06/04/2016;ATIVO;20/04/1948;24000442;5
TAXI;5910331;05/02/2015;ATIVO;26/06/1968;18040209;10
TAXI;5919436;03/03/2015;ATIVO;08/05/1955;24000892;5
TAXI;5951232;27/04/2016;ATIVO;31/05/1956;17040205;5
TAXI;5967538;25/07/2015;ATIVO;19/09/1944;20080387;5
TAXI;5969735;09/06/2014;ATIVO;13/05/1953;7060084;20
TAXI;5972132;03/03/2015;ATIVO;20/03/1955;16160010;10
TAXI;5975735;22/05/2014;ATIVO;28/08/1954;;10
TAXI;5985439;26/03/2016;ATIVO;04/03/1934;2040069;15
TAXI;5998832;15/12/2015;ATIVO;15/02/1951;11120037;5
TAXI;6006930;29/06/2017;?BITO;09/07/1952;4100026;10
TAXI;6010130;15/04/2016;ATIVO;22/06/1933;2060078;20
TAXI;6012337;17/09/2016;ATIVO;06/11/1951;16160010;5
TAXI;6021832;25/11/2014;BLOQUEADO;20/01/1950;;30
TAXI;6032133;02/10/2014;ATIVO;30/06/1936;;5
TAXI;6046436;10/05/2017;ATIVO;05/06/1947;7180101;10
TAXI;6047831;19/02/2018;ATIVO;21/03/1953;20060033;5
TAXI;6057039;21/10/2015;ATIVO;15/11/1955;18040080;5
TAXI;6062733;27/06/2018;ATIVO;07/09/1948;11100222;5
TAXI;6063039;18/04/2008;CANCELADO;18/04/1938;;60
TAXI;6063730;09/04/2017;ATIVO;08/04/1955;;10
TAXI;6074537;28/05/2013;CANCELADO;22/05/1936;24000086;15
TAXI;6128238;28/04/2016;ATIVO;22/05/1954;;95
TAXI;6132537;13/08/2018;BLOQUEADO;28/10/1958;12120022;60
TAXI;6137830;12/05/2015;ATIVO;26/02/1952;3040364;10
TAXI;6142133;01/10/2018;ATIVO;03/12/1948;17040183;10
TAXI;6142532;10/08/2015;ATIVO;13/11/1940;;5
TAXI;6163238;26/04/2015;ATIVO;24/08/1955;2120224;5
TAXI;6170137;03/06/2018;ATIVO;23/06/1950;17080495;10
TAXI;6182534;18/01/2017;ATIVO;04/02/1952;;5
TAXI;6190332;24/05/2017;ATIVO;;;10
TAXI;6191738;22/03/2017;ATIVO;12/04/1952;;5
TAXI;6206530;22/11/2014;ATIVO;14/01/1936;24000809;10
TAXI;6231632;07/03/2017;ATIVO;17/01/1957;11040270;10
TAXI;6239935;11/09/2015;ATIVO;21/11/1941;6140076;10
TAXI;6244130;26/05/2014;ATIVO;;18040195;5
TAXI;6246133;08/03/2018;ATIVO;06/03/1951;;5
TAXI;6252338;06/10/2015;BLOQUEADO;22/12/1904;23080043;35
TAXI;6261736;26/03/2015;ATIVO;;18080162;10
TAXI;6280536;30/05/2017;ATIVO;10/06/1950;;10
TAXI;6284930;04/08/2015;ATIVO;22/05/1958;;10
TAXI;6287336;17/03/2015;ATIVO;20/04/1955;;20
TAXI;6289134;10/09/2018;ATIVO;25/10/1948;17060265;5
TAXI;6299938;02/02/2015;ATIVO;13/02/1938;;10
TAXI;6305431;06/11/2018;ATIVO;10/12/1953;20080131;5
TAXI;6320732;27/12/2008;CANCELADO;27/12/1953;2120143;10
TAXI;6335837;06/08/2014;ATIVO;03/08/1946;17060400;5
TAXI;6350330;08/02/2016;ATIVO;16/03/1946;;10
TAXI;6351239;09/12/2014;ATIVO;22/01/1950;;10
TAXI;6365035;12/02/2014;ATIVO;22/02/1943;11020253;10
TAXI;6373038;14/12/2016;ATIVO;26/01/1952;11020288;5
TAXI;6380433;25/08/2015;ATIVO;22/09/1950;11080310;10
TAXI;6381138;25/05/2016;ATIVO;12/05/1948;18080448;10
TAXI;6393330;26/11/2017;ATIVO;30/01/1954;11060034;20
TAXI;6407030;07/10/2018;BLOQUEADO;06/04/1953;2040093;10
TAXI;6417434;02/12/2015;ATIVO;02/12/1950;12020079;5
TAXI;6455131;08/11/2015;ATIVO;02/01/1952;21080054;5
TAXI;6460330;03/04/2018;ATIVO;12/06/1964;2040093;15
TAXI;6464238;19/09/2018;ATIVO;16/10/1951;;10
TAXI;6464432;05/10/2015;ATIVO;18/11/1926;7060084;5
TAXI;6471331;12/04/2015;ATIVO;05/03/1939;;15
TAXI;6480233;29/09/2014;ATIVO;;20040342;10
TAXI;6485430;29/12/2017;ATIVO;09/02/1952;24000469;5
TAXI;6500536;16/06/2012;CANCELADO;25/06/1957;2120275;5
TAXI;6505635;15/02/2015;ATIVO;25/03/1943;;10
TAXI;6508731;27/07/2017;ATIVO;07/09/1947;18140335;5
TAXI;6535437;03/07/2014;ATIVO;23/07/1949;;5
TAXI;6537235;31/08/2015;ATIVO;02/09/1944;2040069;10
TAXI;6539130;01/03/2016;ATIVO;;;5
TAXI;6539734;26/08/2016;ATIVO;02/07/1951;;5
TAXI;6551033;11/03/2015;ATIVO;06/09/1950;;10
TAXI;6561330;19/05/2014;?BITO;20/06/1959;12040371;10
TAXI;6568831;23/09/2014;ATIVO;;;10
TAXI;6610838;01/10/2013;CANCELADO;08/07/1953;11020040;10
TAXI;6621430;01/10/2014;ATIVO;03/11/1954;18040195;5
TAXI;6624537;14/01/2018;ATIVO;24/01/1958;24000469;15
TAXI;6644236;08/10/2014;ATIVO;21/10/1954;20040024;10
TAXI;6653731;25/04/2016;ATIVO;15/05/1956;;15
TAXI;6655831;31/08/2017;ATIVO;;;5
TAXI;6678238;01/04/2015;ATIVO;11/12/1949;11120037;5
TAXI;6689337;28/10/2013;CANCELADO;20/11/1948;1060201;5
TAXI;6695930;11/05/2016;ATIVO;01/06/1934;;20
TAXI;6703038;12/07/2015;ATIVO;15/08/1955;23040327;5
TAXI;6703631;25/09/2009;?BITO;31/10/1941;;10
TAXI;6716130;26/04/2015;ATIVO;20/05/1950;4080041;10
TAXI;6723136;06/05/2014;ATIVO;;18100058;10
TAXI;6723438;19/12/2015;?BITO;01/09/1932;17080819;5
TAXI;6738435;19/10/2016;ATIVO;;11020253;10
TAXI;6753639;22/01/2015;ATIVO;09/12/1949;17100283;5
TAXI;6756433;12/08/2018;ATIVO;27/06/1949;;5
TAXI;6766935;01/03/2016;ATIVO;13/04/1942;24000183;15
TAXI;6783830;31/05/2016;ATIVO;14/09/1956;;5
TAXI;6831133;06/10/2015;ATIVO;13/10/1945;20040342;30
TAXI;6835236;11/04/2011;CANCELADO;27/04/1946;2100010;20
TAXI;6847331;17/01/2017;ATIVO;26/02/1944;6140076;10
TAXI;6851339;29/11/2015;ATIVO;29/04/1945;12060100;5
TAXI;6856730;27/06/2018;ATIVO;08/09/1953;;10
TAXI;6866735;17/11/2015;ATIVO;23/12/1953;24000795;10
TAXI;6875637;25/05/2014;ATIVO;19/06/1944;7100132;5
TAXI;6880037;22/02/2014;ATIVO;25/11/1945;20060068;15
TAXI;6881939;02/10/2016;ATIVO;04/11/1940;;5
TAXI;6886434;29/04/2018;ATIVO;25/06/1948;7060084;5
TAXI;6911439;22/03/2016;ATIVO;18/03/1956;;5
TAXI;6915930;02/08/2016;ATIVO;15/05/1948;;5
TAXI;6918832;11/11/2016;ATIVO;21/08/1943;;10
TAXI;6931839;11/11/2014;ATIVO;22/10/1954;;5
TAXI;6932738;13/12/2017;ATIVO;09/12/1951;1040014;5
TAXI;6933335;11/07/2014;BLOQUEADO;28/01/1946;;150
TAXI;6935036;11/10/2018;ATIVO;;20040342;5
TAXI;6938132;07/06/2016;ATIVO;;;5
TAXI;6939430;30/07/2015;ATIVO;;20060084;5
TAXI;6944132;08/01/2017;ATIVO;;10100067;5
TAXI;6955339;29/03/2015;?BITO;07/04/1955;12040223;5
TAXI;6968031;12/12/2013;CANCELADO;;17120730;5
TAXI;6968635;02/09/2014;ATIVO;28/03/1941;;20
TAXI;7004834;26/01/2015;ATIVO;04/04/1950;18020259;5
TAXI;7023634;05/10/2015;ATIVO;;;10
TAXI;7049730;07/06/2018;ATIVO;05/07/1953;18040195;5
TAXI;7065337;08/10/2014;ATIVO;12/10/1954;2120100;10
TAXI;7069430;10/05/2015;ATIVO;;12060240;5
TAXI;7087535;23/04/2018;ATIVO;11/05/1953;;10
TAXI;7118430;08/04/2018;ATIVO;08/05/1953;;10
TAXI;7119232;04/02/2016;ATIVO;07/04/1956;16160010;5
TAXI;7119437;05/06/2017;ATIVO;20/02/1952;;25
TAXI;7154330;28/03/2014;ATIVO;21/05/1941;;10
TAXI;7163835;03/10/2017;ATIVO;26/10/1947;24000973;5
TAXI;7165030;19/07/2018;ATIVO;24/05/1952;;10
TAXI;7167334;05/04/2017;ATIVO;;18080707;10
TAXI;7167431;23/05/2017;ATIVO;26/06/1952;;10
TAXI;7176139;08/05/2014;ATIVO;16/05/1949;17040035;5
TAXI;7182236;07/10/2014;ATIVO;16/12/1944;;5
TAXI;7192932;27/01/2017;ATIVO;14/01/1957;24000841;5
TAXI;7201036;28/08/2017;ATIVO;;24000817;5
TAXI;7227833;13/07/2014;ATIVO;19/06/1968;17080037;10
TAXI;7240635;07/07/2015;?BITO;21/08/1945;11020296;5
TAXI;7256833;23/06/2015;ATIVO;;24000477;5
TAXI;7275137;17/12/2016;ATIVO;17/11/1953;20080212;5
TAXI;7276630;10/05/2015;ATIVO;;;10
TAXI;7283237;16/03/2015;ATIVO;20/06/1945;11040270;10
TAXI;7291132;20/06/2014;ATIVO;13/08/1935;24000361;10
TAXI;7292236;22/12/2016;ATIVO;06/01/1952;17081379;5
TAXI;7306237;03/01/2016;ATIVO;04/01/1951;17020042;10
TAXI;7312733;01/10/2014;ATIVO;15/10/1952;17120322;5
TAXI;7331738;08/01/2019;ATIVO;11/07/1957;;5
TAXI;7339933;28/06/2017;ATIVO;05/08/1957;24000809;5
TAXI;7340834;19/01/2018;ATIVO;08/02/1953;12100226;5
TAXI;7348835;01/11/2016;ATIVO;09/12/1951;20020031;5
TAXI;7349637;01/02/2015;ATIVO;05/03/1950;17080622;5
TAXI;7350830;18/03/2010;?BITO;;;10
TAXI;7351232;13/09/2018;ATIVO;08/08/1949;24000868;5
TAXI;7354630;18/06/2015;ATIVO;04/07/1955;;10
TAXI;7366639;19/03/2013;CANCELADO;15/03/1951;7060084;30
TAXI;7377436;10/12/2015;ATIVO;04/01/1953;24000973;5
TAXI;7394535;16/09/2016;ATIVO;;23040327;10
TAXI;7397038;28/02/2017;ATIVO;02/04/1957;;10
TAXI;7405537;22/10/2015;ATIVO;14/11/1950;2040069;5
TAXI;7407238;04/01/2019;ATIVO;23/12/1958;11020245;20
TAXI;7418930;28/07/2014;ATIVO;06/09/1959;;10
TAXI;7421931;04/10/2017;ATIVO;;17040035;5
TAXI;7422539;22/03/2017;ATIVO;19/03/1957;18080065;5
TAXI;7433735;21/10/2015;ATIVO;12/11/1945;;10
TAXI;7439733;05/03/2015;ATIVO;28/05/1945;18060145;5
TAXI;7445539;05/05/2014;ATIVO;03/05/1954;12100226;10
TAXI;7451938;08/04/2014;ATIVO;02/05/1959;17100410;5
TAXI;7452837;29/12/2017;ATIVO;12/02/1948;17040051;5
TAXI;7455038;21/11/2014;ATIVO;04/01/1930;1060058;10
TAXI;7457332;05/02/2017;ATIVO;;24000116;10
TAXI;7461135;07/12/2008;CANCELADO;07/12/1952;;80
TAXI;7477538;08/11/2016;ATIVO;;2100088;10
TAXI;7486634;08/11/2015;ATIVO;19/07/1944;;10
TAXI;7490232;13/03/2015;ATIVO;17/03/1942;24001562;10
TAXI;7499639;15/12/2016;ATIVO;09/02/1947;18080073;10
TAXI;7511434;16/11/2017;ATIVO;25/12/1952;11020202;5
TAXI;7512031;27/01/2019;ATIVO;09/03/1949;;10
TAXI;7525737;14/12/2016;ATIVO;28/11/1955;;5
TAXI;7532636;15/04/2016;ATIVO;30/05/1946;7060084;5
TAXI;7538936;09/11/1988;CANCELADO;;;20
TAXI;7554931;17/12/2018;ATIVO;15/02/1954;24000639;10
TAXI;7595131;20/05/2016;ATIVO;29/06/1943;;10
TAXI;7597037;08/12/2017;ATIVO;05/02/1954;24000680;5
TAXI;7606338;30/11/2015;ATIVO;16/01/1944;11060182;5
TAXI;7608535;21/07/2015;ATIVO;28/01/1952;11040505;5
TAXI;7610238;12/03/2016;ATIVO;;24001686;10
TAXI;7610335;25/06/2018;ATIVO;12/09/1958;16160010;5
TAXI;7610831;02/03/2015;ATIVO;05/04/1945;18080324;10
TAXI;7611730;18/12/2017;ATIVO;03/02/1948;16160010;5
TAXI;7618930;16/01/2017;ATIVO;08/02/1931;12040347;10
TAXI;7626630;08/03/2015;ATIVO;27/03/1955;24000698;5
TAXI;7629338;09/06/2016;ATIVO;18/11/1955;;15
TAXI;7642636;02/06/2015;ATIVO;16/07/1955;24000205;10
TAXI;7647239;02/07/2017;ATIVO;28/07/1952;20040270;10
TAXI;7648138;03/06/2016;ATIVO;22/12/1950;;5
TAXI;7652933;12/08/2018;ATIVO;12/07/1953;12120022;5
TAXI;7653433;18/05/2015;ATIVO;30/06/1955;24000647;10
TAXI;7654936;13/02/2017;ATIVO;08/03/1952;17081254;5
TAXI;7657935;03/02/2019;ATIVO;06/03/1959;17100020;5
TAXI;7663730;23/02/2018;ATIVO;08/04/1953;;35
TAXI;7669534;12/11/2017;ATIVO;16/09/1951;24000809;20
TAXI;7679033;11/05/2011;?BITO;19/05/1946;4200039;40
TAXI;7683537;07/11/2017;ATIVO;;17120357;5
TAXI;7686935;21/06/2016;ATIVO;21/08/1936;18080073;30
TAXI;7691432;10/10/2014;ATIVO;21/09/1946;;20
TAXI;7692030;31/03/2017;ATIVO;16/06/1957;;10
TAXI;7695039;27/11/2017;ATIVO;14/07/1957;;15
TAXI;7699336;18/05/2014;ATIVO;;;5
TAXI;7701039;08/11/2018;ATIVO;;24000272;5
TAXI;7748736;13/06/2016;ATIVO;;3080064;10
TAXI;7751931;14/06/2016;ATIVO;26/02/1961;;5
TAXI;7755830;03/03/2016;ATIVO;22/02/1956;17080886;5
TAXI;7758634;07/10/2016;ATIVO;06/08/1948;24000205;10
TAXI;7770030;20/04/2015;ATIVO;19/03/1955;18080065;10
TAXI;7782837;04/01/2015;ATIVO;25/01/1953;;20
TAXI;7786131;11/03/2018;ATIVO;11/04/1953;18060080;10
TAXI;7796536;17/10/2016;ATIVO;26/10/1956;9100016;5
TAXI;7797737;03/02/2016;ATIVO;03/03/1946;;5
TAXI;7806639;11/12/2011;CANCELADO;;17020034;5
TAXI;7815735;26/03/2017;ATIVO;;23060158;10
TAXI;7818238;24/08/2016;ATIVO;;24000620;5
TAXI;7819838;21/02/2015;ATIVO;21/02/1935;19120095;10
TAXI;7824734;25/11/2014;ATIVO;17/12/1945;;5
TAXI;7832435;21/01/2017;ATIVO;08/02/1957;;5
TAXI;7853432;28/03/2017;ATIVO;11/01/1952;20040466;5
TAXI;7878931;16/09/2016;ATIVO;19/09/1943;18060145;10
TAXI;7884532;26/12/2017;BLOQUEADO;25/10/1957;18080065;20
TAXI;7911831;08/12/2016;ATIVO;01/01/1947;20040407;5
TAXI;7919336;12/03/2014;ATIVO;20/03/1954;;10
TAXI;7919930;23/10/2018;ATIVO;;18040195;10
TAXI;7924739;30/11/2014;ATIVO;08/11/1953;;5
TAXI;7926030;08/11/2016;ATIVO;;17120730;5
TAXI;7929439;26/04/2015;ATIVO;22/06/1955;24000558;10
TAXI;7940637;19/09/2015;ATIVO;13/10/1938;12040541;10
TAXI;7944632;07/07/2014;ATIVO;09/09/1959;23060131;5
TAXI;7947933;03/03/2014;ATIVO;11/09/1961;10120492;5
TAXI;7949138;12/04/2016;ATIVO;06/05/1946;17040213;5
TAXI;7949235;14/07/2014;ATIVO;14/09/1959;17100437;5
TAXI;7951639;20/01/2016;ATIVO;22/03/1956;10120492;10
TAXI;7952635;28/05/2002;CANCELADO;;18100058;5
TAXI;7956932;15/05/2017;BLOQUEADO;29/03/1952;18040535;15
TAXI;7969830;09/06/2013;CANCELADO;02/05/1948;;10
TAXI;7970234;02/10/2015;ATIVO;18/11/1937;17100240;5
TAXI;7975031;12/08/2016;ATIVO;14/09/1946;18040209;10
TAXI;7990634;05/01/2014;?BITO;11/01/1935;;5
TAXI;8003238;04/01/2019;ATIVO;01/02/1954;13140167;5
TAXI;8013632;01/03/2015;ATIVO;22/02/1952;;45
TAXI;8052433;18/03/2015;ATIVO;13/04/1945;2040069;15
TAXI;8090033;13/07/2016;ATIVO;12/09/1951;3080064;15
TAXI;8090831;27/01/2015;ATIVO;25/02/1955;12120022;5
TAXI;8094330;15/10/2015;ATIVO;20/09/1943;18040136;10
TAXI;8094730;20/07/2014;ATIVO;;17080231;15
TAXI;8109338;21/02/2016;ATIVO;13/04/1951;17040124;5
TAXI;8117837;19/04/2017;ATIVO;;8020043;10
TAXI;8122431;08/05/2017;ATIVO;12/06/1957;8060061;5
TAXI;8124035;19/12/2016;ATIVO;25/05/1948;;10
TAXI;8141037;18/03/2014;ATIVO;15/04/1954;18080324;5
TAXI;8143633;07/08/2011;CANCELADO;;24000582;10
TAXI;8176035;03/02/2017;ATIVO;22/03/1950;12040207;5
TAXI;8179239;03/09/2015;ATIVO;20/09/1955;1040014;5
TAXI;8183139;09/04/2017;ATIVO;01/05/1957;23080027;10
TAXI;8186430;27/08/2014;?BITO;17/09/1954;;20
TAXI;8189633;04/03/2015;ATIVO;21/08/1950;;20
TAXI;8191930;16/01/2018;ATIVO;17/02/1948;11040300;5
TAXI;8192936;20/07/2010;?BITO;03/08/1955;2080249;10
TAXI;8200637;14/11/2018;ATIVO;14/01/1953;24001279;10
TAXI;8231435;23/07/2018;ATIVO;13/08/1958;23040050;5
TAXI;8235139;19/10/2015;ATIVO;10/12/1950;4180038;5
TAXI;8240337;27/09/2013;CANCELADO;30/08/1951;6160018;5
TAXI;8251134;18/12/2017;ATIVO;;17120322;10
TAXI;8252335;23/05/1989;CASSADO;;;20
TAXI;8258635;20/08/2015;ATIVO;26/08/1952;;5
TAXI;8258937;03/11/2016;ATIVO;08/07/1951;12060291;50
TAXI;8261830;22/12/2014;ATIVO;05/02/1955;24001287;5
TAXI;8264635;21/05/2017;ATIVO;05/04/1962;11040432;10
TAXI;8265330;03/04/2018;ATIVO;26/04/1958;;15
TAXI;8267936;04/01/2015;ATIVO;17/12/1958;;60
TAXI;8269734;23/01/2019;ATIVO;;17120357;5
TAXI;8278237;07/11/2011;?BITO;18/11/1961;;10
TAXI;8279438;01/06/2017;ATIVO;28/06/1952;23100028;10
TAXI;8282935;25/11/2016;ATIVO;;8060215;10
TAXI;8284539;23/03/2014;ATIVO;22/04/1959;;10
TAXI;8293236;19/09/2016;ATIVO;24/11/1951;;10
TAXI;8300330;10/03/2011;CASSADO;12/03/1956;;280
TAXI;8324832;29/07/2015;ATIVO;03/09/1960;24000272;5
TAXI;8328730;07/01/2015;ATIVO;04/05/1932;;10
TAXI;8332738;13/11/2015;BLOQUEADO;01/01/1944;10100040;10
TAXI;8346038;03/03/2013;CANCELADO;21/11/1962;;10
TAXI;8346534;13/05/2018;ATIVO;01/06/1958;7080085;10
TAXI;8347433;14/11/2018;ATIVO;02/01/1954;;10
TAXI;8351236;12/09/2015;ATIVO;29/08/1943;;10
TAXI;8361932;16/06/2015;ATIVO;;24000086;10
TAXI;8377936;15/10/2013;CANCELADO;15/11/1948;20060068;15
TAXI;8381232;06/06/2016;ATIVO;09/06/1956;21080100;10
TAXI;8381739;21/06/2015;BLOQUEADO;12/08/1950;4020014;10
TAXI;8383332;20/07/2015;ATIVO;29/07/1955;24001910;10
TAXI;8398330;22/07/2014;ATIVO;13/08/1952;18020062;10
TAXI;8403635;14/07/2015;ATIVO;10/08/1945;24000027;5
TAXI;8419035;29/03/2015;ATIVO;19/07/1950;;5
TAXI;8419337;18/03/2015;ATIVO;15/05/1960;;10
TAXI;8423636;27/08/2018;ATIVO;;12120022;10
TAXI;8428336;19/12/2017;ATIVO;19/01/1953;23040319;15
TAXI;8435936;30/03/2014;ATIVO;08/05/1949;23040181;5
TAXI;8436738;06/03/2018;ATIVO;25/03/1958;;20
TAXI;8437637;12/01/2016;ATIVO;04/03/1961;19080042;5
TAXI;8446539;21/08/2017;ATIVO;29/09/1962;;5
TAXI;8449031;01/08/2016;ATIVO;09/09/1901;17060516;5
TAXI;8460639;25/09/2015;ATIVO;22/08/1943;18040020;5
TAXI;8464138;30/05/2016;ATIVO;;6100015;10
TAXI;8466238;03/08/2016;ATIVO;20/05/1956;;10
TAXI;8474834;17/05/2016;ATIVO;12/07/1937;3040275;5
TAXI;8479330;30/07/2018;ATIVO;01/09/1953;;10
TAXI;8479437;05/11/2016;ATIVO;02/01/1942;12040118;5
TAXI;8482233;18/05/2015;ATIVO;05/06/1955;20060556;10
TAXI;8485232;31/03/2017;ATIVO;18/05/1955;11120037;5
TAXI;8488037;18/08/2014;ATIVO;01/09/1944;18060072;10
TAXI;8508631;30/05/2014;ATIVO;22/06/1954;12040045;5
TAXI;8511233;11/11/2018;ATIVO;02/11/1954;24000841;5
TAXI;8512035;11/11/2015;ATIVO;06/11/1953;17080487;5
TAXI;8519730;19/03/2015;ATIVO;11/04/1948;;5
TAXI;8520631;12/04/2016;ATIVO;01/05/1946;24001350;10
TAXI;8529132;17/09/2014;ATIVO;15/09/1958;17060524;5
TAXI;8531137;02/05/2018;ATIVO;29/05/1953;21120161;5
TAXI;8532435;27/05/2015;ATIVO;01/09/1944;;10
TAXI;8543933;27/07/2015;ATIVO;12/09/1944;8040095;5
TAXI;8554030;25/11/2016;ATIVO;25/12/1951;2040069;5
TAXI;8556032;18/05/2014;ATIVO;24/06/1959;;10
TAXI;8585938;09/02/2014;ATIVO;29/03/1934;2040069;5
TAXI;8588635;05/06/2018;ATIVO;18/08/1959;1040014;5
TAXI;8589739;05/03/2014;ATIVO;22/03/1954;24001325;10
TAXI;8593132;26/02/2018;ATIVO;25/02/1951;;5
TAXI;8604533;13/09/2016;ATIVO;20/04/1948;;10
TAXI;8613737;13/04/2016;ATIVO;20/04/1956;;20
TAXI;8614830;07/06/2018;ATIVO;23/10/1949;20060700;5
TAXI;8636931;17/07/2017;ATIVO;22/08/1952;2040069;5
TAXI;8646732;03/05/2014;?BITO;17/06/1931;11120037;15
TAXI;8658935;11/09/2017;ATIVO;22/10/1947;24000698;10
TAXI;8660735;03/05/2017;ATIVO;11/05/1947;;5
TAXI;8666733;26/04/2015;ATIVO;15/06/1950;;10
TAXI;8668035;22/06/2014;ATIVO;05/04/1954;17100100;10
TAXI;8670439;16/05/2014;ATIVO;04/06/1949;16160010;5
TAXI;8677034;18/12/2013;CANCELADO;15/12/1957;;5
TAXI;8683638;20/09/2016;ATIVO;18/07/1950;;10
TAXI;8684839;30/07/2018;ATIVO;31/08/1948;3040313;10
TAXI;8687331;19/09/2017;ATIVO;29/10/1952;23100028;10
TAXI;8691630;07/01/2014;?BITO;30/01/1949;2060027;5
TAXI;8694133;21/05/2015;ATIVO;07/06/1951;;5
TAXI;8696233;08/06/2014;ATIVO;19/07/1949;10100016;10
TAXI;8699038;04/06/2013;CANCELADO;05/07/1939;24000051;5
TAXI;8706336;24/07/2018;ATIVO;30/06/1963;;5
TAXI;8720533;03/09/2016;ATIVO;21/09/1951;17120730;5
TAXI;8728038;04/09/2014;ATIVO;08/10/1944;23020172;10
TAXI;8742030;12/04/2015;ATIVO;19/05/1950;12040096;5
TAXI;8744734;06/12/2016;ATIVO;20/12/1961;22100059;20
TAXI;8747237;21/10/2018;ATIVO;06/05/1963;;10
TAXI;8756031;08/12/2016;ATIVO;04/02/1955;24000973;5
TAXI;8757437;18/03/2018;ATIVO;02/05/1948;2060078;10
TAXI;8780137;22/08/2018;ATIVO;;2040069;5
TAXI;8781834;20/02/2018;ATIVO;28/03/1948;18080065;5
TAXI;8782130;03/08/2014;ATIVO;07/08/1958;17040639;10
TAXI;8783233;30/03/2014;ATIVO;;20040016;5
TAXI;8793336;08/04/2015;ATIVO;22/04/1945;17080827;10
TAXI;8800030;11/07/2014;ATIVO;15/06/1946;18040195;5
TAXI;8814830;27/08/2018;ATIVO;;17100070;30
TAXI;8819335;27/09/2018;ATIVO;05/03/1958;20041365;35
TAXI;8823839;26/10/2016;ATIVO;09/05/1951;;5
TAXI;8832935;14/05/2018;ATIVO;21/07/1948;24000850;5
TAXI;8833532;12/03/2017;ATIVO;20/03/1950;;10
TAXI;8835837;21/09/2012;CANCELADO;17/08/1957;;60
TAXI;8855137;26/11/2017;ATIVO;15/01/1949;18040713;10
TAXI;8856133;15/01/2014;CANCELADO;;2040069;10
TAXI;8858330;07/12/2016;ATIVO;;18060161;15
TAXI;8863636;27/04/2015;ATIVO;30/06/1955;1100025;5
TAXI;8871132;09/10/2017;ATIVO;07/10/1962;4180038;5
TAXI;8877335;10/01/2018;ATIVO;;20080034;10
TAXI;8879036;21/05/2014;ATIVO;09/06/1959;7060025;5
TAXI;8883130;16/04/2014;ATIVO;24/04/1954;20040210;5
TAXI;8901937;20/05/2016;ATIVO;30/08/1953;;10
TAXI;8906637;08/12/2014;ATIVO;21/10/1948;;5
TAXI;8914230;15/09/2010;?BITO;;;10
TAXI;8922837;10/01/2019;ATIVO;09/05/1952;24000817;5
TAXI;8944636;28/12/2014;ATIVO;16/11/1958;;100
TAXI;8945330;03/09/2010;CANCELADO;30/09/1955;;5
TAXI;8950636;11/05/2015;ATIVO;14/06/1950;11040360;15
TAXI;8963533;22/05/2016;ATIVO;20/12/1946;;15
TAXI;8967938;06/07/2014;ATIVO;10/06/1953;1040014;10
TAXI;8987530;13/12/2018;ATIVO;;12100226;10
TAXI;8989532;18/04/2014;ATIVO;15/01/1940;;10
TAXI;8990638;02/02/2017;ATIVO;24/03/1957;24000272;5
TAXI;8992835;06/04/2016;ATIVO;17/04/1946;;5
TAXI;9004130;03/08/2016;ATIVO;;7060084;5
TAXI;9004637;07/08/2017;ATIVO;11/06/1956;;10
TAXI;9006036;25/02/2016;ATIVO;12/03/1943;17160863;5
TAXI;9008136;23/07/2015;ATIVO;05/08/1955;;10
TAXI;9012630;27/04/2017;ATIVO;10/04/1962;;10
TAXI;9021337;13/07/2018;ATIVO;;17120730;5
TAXI;9023038;01/03/2017;ATIVO;29/03/1957;20080131;5
TAXI;9026630;24/09/2014;ATIVO;21/10/1957;;10
TAXI;9027637;03/08/2014;ATIVO;18/09/1954;20040997;5
TAXI;9030239;04/02/2018;ATIVO;06/01/1958;;10
TAXI;9033130;12/12/2016;ATIVO;03/12/1955;11060182;10
TAXI;9038639;11/10/2015;ATIVO;20/01/1961;;10
TAXI;9057633;03/06/2016;ATIVO;;22100024;10
TAXI;9062033;09/04/2016;ATIVO;25/05/1939;;5
TAXI;9067230;28/10/2014;ATIVO;05/10/1959;24000140;5
TAXI;9085033;20/06/2016;ATIVO;20/07/1951;18080049;10
TAXI;9086536;07/07/2015;ATIVO;30/07/1960;;5
TAXI;9094830;11/03/2014;BLOQUEADO;15/03/1964;;140
TAXI;9100334;16/02/2015;ATIVO;27/04/1955;;5
TAXI;9109439;22/09/2011;CANCELADO;21/12/1955;;40
TAXI;9125639;16/03/2014;ATIVO;18/02/1960;18040080;10
TAXI;9127437;26/01/2017;ATIVO;11/03/1952;5140013;10
TAXI;9127631;18/05/2014;ATIVO;;4220099;5
TAXI;9138331;21/07/2014;ATIVO;12/10/1959;12040347;10
TAXI;9146334;26/04/2017;ATIVO;02/05/1952;;10
TAXI;9155236;07/01/2019;ATIVO;23/01/1954;5100046;10
TAXI;9160736;18/04/2016;ATIVO;22/03/1943;24000809;10
TAXI;9169636;01/04/2014;ATIVO;30/04/1954;17020034;5
TAXI;9177434;03/04/2017;ATIVO;14/04/1952;;10
TAXI;9180338;19/04/2018;ATIVO;12/04/1958;17060265;5
TAXI;9184732;09/02/2014;ATIVO;05/03/1949;7080042;10
TAXI;9199136;24/03/2014;ATIVO;15/09/1948;23040327;10
TAXI;9207635;10/05/2015;BLOQUEADO;30/08/1958;;20
TAXI;9210733;06/04/2018;ATIVO;15/07/1958;15160017;10
TAXI;9215735;23/11/2014;ATIVO;21/04/1952;22080147;10
TAXI;9223630;12/12/2016;ATIVO;;7100132;5
TAXI;9227733;17/03/2014;BLOQUEADO;04/03/1949;;10
TAXI;9234535;09/03/2016;ATIVO;12/04/1959;24001287;10
TAXI;9237038;04/03/2018;ATIVO;25/03/1958;11060182;10
TAXI;9237135;05/09/2016;ATIVO;18/09/1956;22100032;5
TAXI;9239537;05/10/2014;ATIVO;09/11/1949;17120713;5
TAXI;9241035;04/06/2017;ATIVO;27/09/1942;;5
TAXI;9243534;03/03/2014;ATIVO;;;5
TAXI;9251731;03/09/2014;ATIVO;03/08/1959;20020180;5
TAXI;9256334;20/10/2015;ATIVO;30/10/1950;;10
TAXI;9257136;13/09/2016;ATIVO;19/10/1943;17100011;5
TAXI;9266437;17/06/2018;ATIVO;21/07/1948;2040069;5
TAXI;9274537;23/01/2017;ATIVO;27/10/1947;;5
TAXI;9283137;19/11/2018;ATIVO;20/12/1953;24000051;5
TAXI;9297332;30/03/2015;BLOQUEADO;27/04/1954;17040450;10
TAXI;9303634;05/01/2015;ATIVO;22/01/1954;2040093;10
TAXI;9309730;21/08/2014;ATIVO;;20120177;5
TAXI;9317333;22/08/2016;ATIVO;26/09/1951;;10
TAXI;9325336;07/02/2016;ATIVO;27/03/1956;20040342;10
TAXI;9328637;23/10/2017;ATIVO;20/11/1956;22080147;5
TAXI;9330437;22/07/2015;ATIVO;;2120224;5
TAXI;9332731;20/07/2017;ATIVO;;;5
TAXI;9335234;14/11/2017;ATIVO;;17120144;10
TAXI;9349235;23/04/2015;ATIVO;29/05/1955;23040327;5
TAXI;9353739;22/03/2015;CASSADO;02/07/1940;;20
TAXI;9360336;07/11/2018;ATIVO;27/11/1948;13140183;10
TAXI;9363734;14/06/2013;?BITO;09/07/1942;17100240;5
TAXI;9364935;05/05/2014;ATIVO;15/06/1959;;5
TAXI;9365435;18/06/2017;ATIVO;;23080043;40
TAXI;9371931;05/05/2016;ATIVO;23/06/1963;24000477;5
TAXI;9384839;24/08/2016;ATIVO;21/09/1950;;5
TAXI;9388737;23/08/2015;ATIVO;07/09/1962;;10
TAXI;9399631;22/11/2018;ATIVO;19/12/1958;24001724;5
TAXI;9402136;03/02/2016;ATIVO;11/02/1956;;10
TAXI;9406638;01/06/2015;ATIVO;08/07/1960;11060182;10
TAXI;9406930;15/06/2016;ATIVO;07/08/1943;17080622;5
TAXI;9432337;06/07/2016;ATIVO;03/09/1956;24000850;5
TAXI;9443630;01/12/2016;ATIVO;01/12/1953;11080310;10
TAXI;9445030;12/01/2015;ATIVO;;2120178;5
TAXI;9449434;08/12/2014;ATIVO;19/01/1955;24001287;5
TAXI;9464433;08/11/2015;ATIVO;03/12/1945;;10
TAXI;9464638;28/04/2013;CANCELADO;09/02/1952;;20
TAXI;9466630;27/11/2018;ATIVO;12/12/1953;24000671;5
TAXI;9471138;14/10/2015;?BITO;28/11/1955;19140070;5
TAXI;9487832;16/07/2017;ATIVO;28/08/1957;24000299;5
TAXI;9492135;01/06/2015;ATIVO;01/06/1956;18080669;5
TAXI;9494537;07/02/2017;ATIVO;28/02/1957;12040347;10
TAXI;9499830;26/01/2014;ATIVO;18/02/1959;24001317;5
TAXI;9504630;09/12/2015;ATIVO;;20100094;5
TAXI;9519335;14/01/2016;ATIVO;17/03/1959;2040069;5
TAXI;9523030;07/03/2018;ATIVO;24/03/1958;23040327;10
TAXI;9525130;29/10/2014;ATIVO;30/10/1954;;10
TAXI;9529039;15/09/2013;CANCELADO;13/09/1948;;10
TAXI;9538836;09/01/2017;ATIVO;06/01/1957;;10
TAXI;9539433;09/03/2015;ATIVO;10/05/1955;;5
TAXI;9541330;05/03/2017;ATIVO;26/03/1957;12060356;10
TAXI;9551735;28/12/2016;ATIVO;27/01/1956;17120063;5
TAXI;9552138;06/10/2014;ATIVO;16/10/1949;12020087;5
TAXI;9561234;18/04/2016;ATIVO;;;10
TAXI;9581936;24/03/2015;ATIVO;;23080108;10
TAXI;9598936;23/08/2015;ATIVO;18/08/1955;17080240;15
TAXI;9611436;17/05/2015;ATIVO;15/06/1950;24000442;5
TAXI;9620931;04/06/2018;ATIVO;16/04/1957;;10
TAXI;9626930;04/01/2015;ATIVO;09/02/1945;;10
TAXI;9634231;08/06/2014;ATIVO;10/08/1949;24000370;10
TAXI;9652132;02/02/2018;ATIVO;20/02/1952;24000051;5
TAXI;9665633;26/07/2016;ATIVO;18/03/1956;24000809;15
TAXI;9670033;18/06/2018;ATIVO;07/07/1963;18040780;10
TAXI;9697535;30/05/2014;ATIVO;15/06/1959;18120067;5
TAXI;9706739;28/09/2016;ATIVO;07/09/1955;;10
TAXI;9709738;09/03/2016;ATIVO;09/06/1956;2080125;5
TAXI;9710833;26/03/2018;ATIVO;21/04/1948;12080217;10
TAXI;9713336;06/02/2019;ATIVO;20/02/1954;2120100;30
TAXI;9715436;24/08/2014;ATIVO;29/08/1959;17060109;10
TAXI;9715835;12/05/2016;ATIVO;15/05/1956;;20
TAXI;9726136;13/08/2018;ATIVO;16/09/1948;7080085;10
TAXI;9728236;19/08/2006;CANCELADO;19/08/1951;;40
TAXI;9732934;27/08/2015;ATIVO;14/10/1955;;10
TAXI;9735631;11/04/2018;ATIVO;;;20
TAXI;9736239;13/12/2017;ATIVO;25/04/1958;;10
TAXI;9736832;21/02/2018;ATIVO;29/04/1956;13140108;5
TAXI;9742336;05/08/2001;CANCELADO;;;60
TAXI;9758330;10/03/2012;?BITO;;2060078;10
TAXI;9760830;03/01/2017;ATIVO;;17100020;5
TAXI;9762833;22/11/2007;CANCELADO;;;120
TAXI;9771832;08/04/2014;ATIVO;07/10/1948;17060877;5
TAXI;9774432;29/01/2015;ATIVO;10/04/1954;;15
TAXI;9782036;26/01/2016;BLOQUEADO;10/12/1949;;100
TAXI;9793739;14/05/2013;CANCELADO;24/03/1949;;5
TAXI;9795332;14/08/2016;?BITO;12/09/1943;17060907;10
TAXI;9802134;26/08/2016;ATIVO;06/04/1956;;20
TAXI;9806431;29/11/2018;ATIVO;21/02/1963;4080068;40
TAXI;9807136;24/06/2016;ATIVO;01/07/1951;;20
TAXI;9810633;30/10/2017;ATIVO;15/12/1952;;5
TAXI;9811737;08/04/2009;CANCELADO;08/04/1949;;120
TAXI;9819630;21/12/2009;CANCELADO;21/01/1941;7080085;5
TAXI;9820035;02/02/2017;ATIVO;;;5
TAXI;9825630;19/04/2016;ATIVO;12/05/1951;20140274;10
TAXI;9825835;26/11/2014;ATIVO;;17060141;5
TAXI;9836039;06/03/2018;ATIVO;18/04/1951;24000124;10
TAXI;9844031;14/05/2009;CANCELADO;07/06/1959;;400
TAXI;9845836;13/06/2018;ATIVO;08/06/1955;;5
TAXI;9846638;22/11/2016;ATIVO;02/08/1948;;10
TAXI;9849734;20/08/2017;ATIVO;19/09/1957;;5
TAXI;9852832;09/09/2013;CANCELADO;18/09/1953;;5
TAXI;9884530;18/07/2014;ATIVO;10/09/1954;24001287;5
TAXI;9886036;24/03/2015;ATIVO;06/05/1950;18040098;5
TAXI;9887539;09/09/2015;ATIVO;11/10/1950;24000493;10
TAXI;9888330;05/11/2016;ATIVO;30/01/1941;23040122;10
TAXI;9888632;27/06/2016;ATIVO;15/08/1951;11100222;10
TAXI;9892834;11/03/2015;ATIVO;11/04/1951;1100068;5
TAXI;9896732;10/09/2015;ATIVO;23/09/1962;;5
TAXI;9904930;22/09/2008;CANCELADO;22/09/1948;;20
TAXI;9907734;21/07/2014;ATIVO;21/09/1958;17060206;5
TAXI;9911634;12/07/2017;ATIVO;28/07/1952;12100226;10
TAXI;9915036;01/10/2016;ATIVO;08/10/1943;;15
TAXI;9919031;25/06/2014;ATIVO;02/02/1949;18100066;5
TAXI;9920234;11/06/2016;ATIVO;05/07/1951;11100222;5
TAXI;9925139;28/12/2015;ATIVO;11/02/1956;11100176;5
TAXI;9927638;19/05/2015;ATIVO;15/05/1950;;30
TAXI;9952535;14/01/2014;CANCELADO;;18080545;5
TAXI;9958738;06/11/2013;CANCELADO;05/12/1958;;10
TAXI;9970231;07/03/2015;ATIVO;19/07/1943;11100060;10
TAXI;9975934;20/12/1992;CASSADO;;;20
TAXI;9983732;23/09/2016;ATIVO;15/08/1944;;25
TAXI;9983937;29/06/2014;ATIVO;21/07/1949;24000027;5
TAXI;9987037;06/07/2014;ATIVO;29/08/1954;23040351;5
TAXI;9998136;01/10/2014;ATIVO;03/07/1954;;10
TAXI;10008730;10/08/2013;CANCELADO;20/10/1931;12040347;10
TAXI;10014730;03/03/2015;ATIVO;06/03/1960;;10
TAXI;10016937;18/08/2016;ATIVO;06/02/1961;2060078;10
TAXI;10026533;06/07/2016;ATIVO;23/08/1951;18100066;10
TAXI;10050035;10/05/2015;BLOQUEADO;01/03/1944;;15
TAXI;10051635;12/01/2015;ATIVO;20/12/1959;5100070;10
TAXI;10058834;16/08/2015;ATIVO;09/10/1960;17040388;5
TAXI;10059636;28/01/2019;ATIVO;19/03/1959;24000671;10
TAXI;10062432;04/06/2016;ATIVO;20/06/1943;11100222;5
TAXI;10079637;10/12/2016;ATIVO;26/07/1957;11100222;5
TAXI;10090037;11/03/2018;ATIVO;23/05/1958;17100232;5
TAXI;10095535;16/08/2016;ATIVO;15/09/1961;2060116;10
TAXI;10099735;28/01/2017;ATIVO;;11120037;5
TAXI;10107037;07/10/2014;ATIVO;20/09/1960;;5
