numenc;solicitacao
1110177135;0025104721351
1110179138;0025104721351
1310001146;0025016971208
1310065136;             
1510011110;9515005151155
1510013113;9515005151155
1510059091;0025129950974
1510076123;0025154101110
1510081127;0025002091219
1510126112;0025050931132
1510145087;0025133920863
1610046129;0026022041293
1610046129;0025019161231
1610046129;0025173791223
1610046129;0025185771222
1610063120;0013000121292
1610070127;0013000131255
1710060107;0025123581004
1710063122;0025145131206
1710063122;0025185781295
1710115092;0025067970845
1710116099;0025067970845
1710119098;             
1710121092;             
1710122099;             
1710123095;             
1710124091;             
1710125098;             
1710126094;             
1710129093;             
1710130091;             
1710131098;             
1710132094;             
1710133090;             
1710134097;             
1710135093;             
1710139099;             
1710140097;             
1710141093;             
1710143096;             
1710144092;             
1710146095;             
1710151099;             
1710152095;             
1710156090;             
1710157097;             
1710158093;             
1710159090;             
1710160098;             
1710164085;             
1910005053;             
1910015067;             
1910022055;0026015031067
1910022055;0025127461275
1910026093;0025186801109
1910026093;0025172010805
1910029076;0025103390602
1910029076;0025117901302
1910041122;0025147681360
1910041122;0025065671352
1910046060;             
1910048062;             
1910051098;0025182861018
1910051098;9625001481123
1910051098;0025140210736
1910051098;0025116160929
1910051098;0025136871081
1910055093;0025168121169
1910055093;0025097840990
1910057053;             
1910058050;             
1910067059;             
1910071056;             
1910074055;             
1910092096;0025085860800
1910107093;0025093421187
1910107093;0025093461138
1910107093;0025176641109
1910121096;0025183110920
1910127078;             
1910127108;             
1910146064;             
1910148067;             
1910165069;             
1910178063;             
1910183067;             
1910192066;             
1910202061;             
1910206067;             
1910225061;             
1910228060;             
1910229067;             
1910328073;0025124910729
1910328073;0025124410750
2110003146;             
2110004142;9625027801265
2110004142;0025115131100
2110004142;0025117171231
2110004142;0025125871344
2110004142;0025127431287
2110004142;0025132561231
2110004142;0025137781205
2110004142;0025137791260
2110006145;0025121610724
2110006145;0225000020701
2110007141;9625025121305
2110008148;9625022431397
2110008148;9625022441350
2110009144;             
2110010142;0025164571380
2110012145;             
2110016140;             
2110019140;             
2110020148;             
2110022140;             
2110023147;0025148451309
2110023147;0025103421184
2110023147;0025053891360
2110023147;0025010201460
2110023147;0025017951480
2110023147;0025203931060
2110026146;0025187131310
2110026146;0025046151322
2110027142;0025015331434
2110028149;0025063861308
2110028149;0025054131343
2110028149;0025119941352
2110029145;             
2110030143;             
2110032146;             
2110034149;             
2110035145;             
2110065133;             
2110071133;9625004291384
2110077131;0025049971240
2110085134;9625007171258
2110085134;0025123401391
2110085134;0025139961197
2110087137;0025237811076
2110088133;             
2110089130;0025145491245
2110089130;0025143181222
2110089130;0025087231266
2110090138;             
2110091134;             
2110093137;0025081301335
2110093137;0025074631392
2110093137;0025115331207
2110093137;0025022961375
2110096136;             
2110097132;             
2110098139;9625009721336
2110098139;0025044961335
2110098139;0025082511350
2110098139;0025104231346
2110099135;0025132141291
2110103132;0026021221220
2110103132;0025096981256
2110103132;0025100760603
2110107138;             
2110113138;             
2110114134;0025162601304
2110114134;0025182381237
2110114134;0025164401388
2110114134;0026012901290
2110114134;0025125961254
2110114134;0025108671308
2110114134;0025027521322
2110116137;             
2110117133;0025093111315
2110121130;0025175151230
2110124130;             
2110125136;9625011551124
2110125136;0025118161132
2110126132;             
2110127139;             
2110128135;             
2110129131;0025139171382
2110129131;0025138991300
2110130130;             
2110131136;             
2110132132;9625012711397
2110133139;0025023071390
2110133139;0025085961160
2110134135;             
2110135131;0025042671348
2110135131;0025136181220
2110135131;9625024001292
2110135131;1231000141340
2110136138;             
2110137134;1231000141340
2110137134;0025145591207
2110138130;1231000141340
2110139137;1231000141340
2110139137;0025220081029
2110145137;             
2110147130;0025117541349
2110148136;             
2110149132;             
2110151137;             
2110152133;             
2110153130;             
2110155132;             
2110156139;             
2110157135;             
2110158131;             
2110159120;0025051701262
2110159138;0025040571214
2110160128;0025046501080
2110160128;0025179781319
2110161132;0025051081370
2110161132;9625005191375
2110161132;0225000331375
2110164131;0025055251105
2110164131;0025040941321
2110164131;0025173811275
2110164131;0025083641265
2110164131;0025074121190
2110165138;0025019051487
2110165138;0025083641265
2110165138;0025055251105
2110165138;0025074121190
2110165138;0025040941321
2110165138;0025173811275
2110166134;             
2110167130;             
2110169133;             
2110170131;0025090821249
2110170131;1231000081428
2110170131;0025124931300
2110172134;             
2110176130;             
2110177136;0025168781177
2110177136;0025155641002
2110189134;0025162121272
2110189134;0025078091244
2110189134;0025013821299
2110189134;0025147831272
2110189134;0025028211181
2110191139;             
2110193131;0025153481067
2110194138;0025175071201
2110194138;0025191561048
2110195134;0025186521165
2110195134;0025071361386
2110195134;0025002351148
2110197137;             
2110198133;             
2110199130;             
2110200138;0025054271196
2110200138;0025145421204
2110201134;             
2110205130;             
2110207124;0025089711036
2110207124;0025008721222
2110210133;0026050681102
2110210133;0025106661186
2110211130;0025045951236
2110213132;             
2110215135;0025049601159
2110216131;             
2110217138;0025085791302
2110221135;             
2110222131;             
2110225130;9625016601197
2110225130;0025151311156
2110226137;0025138841244
2110227133;0025127311389
2110227133;0025129631100
2110228130;9625019271317
2110229136;             
2110230134;0025064071033
2110231130;             
2110233133;             
2110235136;             
2110236132;0025156811319
2110240130;0025000631356
2110241136;             
2110242132;             
2110248122;             
2110253134;0025137081211
2110253134;0025137831237
2110256133;0025024371133
2110258136;             
2110259132;             
2110263130;             
2110264136;             
2110265132;9625025521311
2110266139;             
2110267135;             
2110269138;0025141921296
2110269138;0026077171164
2110274131;0025177401357
2210153131;0026016411262
2210153131;8831004821302
2210190134;0025069401201
2210190134;0025074231106
2210190134;0025074621320
2210366100;0025089071037
2210366100;0025088691040
2210460107;0025107781029
2310001139;             
2310002135;             
2310003131;             
2310004138;             
2310005134;             
2310006130;             
2310007137;             
2310009130;             
2310010138;             
2310011134;             
2310012130;             
2310013137;             
2310014133;0025000211306
2310015130;             
2310016136;             
2310017132;             
2310018139;             
2310019135;             
2310020133;             
2310021130;             
2310022136;             
2310024139;9625001741303
2310028088;0025006731034
2310028088;0025004611066
2310028088;0025155570741
2310028088;0025167070889
2310028088;0025017591093
2310028088;0025040841106
2310028088;0025032880904
2310028134;             
2310029130;0025181041270
2310032131;0025181511250
2310032131;0025037161302
2310033138;             
2310034134;             
2310035130;             
2310037133;             
2310047082;0026012741071
2310047082;0025079321049
2310050091;             
2310057100;             
2310063096;             
2310070122;0025026211273
2310072125;             
2310078115;0025060841187
2310078115;0025185321022
2310079120;             
2310090093;0026002730778
2310092088;0025130300600
2310092088;0025118180781
2310099120;             
2310107123;             
2310108120;             
2310109126;             
2310114090;0025130620940
2310114090;0025101800960
2310115096;0025130620940
2310117129;0025137961289
2310117129;0225000111251
2310118079;0025122010747
2310118079;0025032451299
2310118079;0026004511291
2310118109;0025044851076
2310119075;0026004511291
2310119075;0025032451299
2310120103;0025042711234
2310120103;0025049841036
2310121070;0026004610605
2310123129;             
2310126128;             
2310127124;             
2310129127;             
2310131121;             
2310132128;0025031251237
2310132128;0025124661249
2310132128;0025124691237
2310134074;             
2310139122;             
2310140082;0025044180864
2310140120;0025097501274
2310147125;             
2310156124;             
2310159123;0025099481211
2310161098;0026006950950
2310162094;0026006950950
2310163090;0026006950950
2310164097;0026006950950
2310164127;0025102430988
2310164127;0025064161296
2310164127;9625017141203
2310164127;0025127681127
2310165093;0026006950950
2310165123;             
2310166090;0026006950950
2310167096;0026006950950
2310168092;0026006950950
2310168122;             
2310169099;0026006950950
2310169129;             
2310170097;0026006950950
2310170127;             
2310171123;             
2310175129;0025141041229
2310176087;0025012810714
2310177121;0025186851386
2310177121;0025170521233
2310177121;0025052871200
2310178128;0025097501274
2310181129;             
2310184128;             
2310185124;0025174461308
2310185124;0025071341270
2310186120;0025088261207
2310187119;0025160881083
2310187127;0025078751279
2310191108;0025012321004
2310192120;0025050111259
2310193097;0026006950950
2310194093;0026006950950
2310195120;             
2310196126;             
2310197122;             
2310198129;             
2310199125;             
2310200123;             
2310201120;             
2310202126;             
2310203122;             
2310207128;             
2310208124;             
2310210064;             
2310212083;0025053980894
2310216127;9625014451295
2310221120;             
2310223123;             
2310224120;9625014461258
2310225126;             
2310226122;9625017141203
2310226122;0025127681127
2310226122;0025064161296
2310226122;0025102430988
2310227129;             
2310228125;             
2310229091;             
2310230120;0025014131482
2310230120;0025156381128
2310230120;0025039151240
2310231126;             
2310232092;             
2310232122;             
2310233129;0025073561200
2310233129;0025099001295
2310233129;0025171091259
2310233129;0025164491271
2310233129;9625001761320
2310233129;0025037161302
2310233129;0025133401246
2310236098;0025097750908
2310236110;0025030761142
2310236110;0025036101101
2310236110;0025084631166
2310237124;             
2310238120;             
2310239127;0025120291234
2310240125;             
2310242101;             
2310243124;             
2310246107;0025089921006
2310250120;0225001971211
2310250120;0025125671256
2310259098;             
2310260126;             
2310261122;             
2310262129;             
2310263125;             
2310264121;0025054241289
2310265128;             
2310266086;             
2310266124;             
2310267120;             
2310268127;             
2310269123;             
2310270121;             
2310271128;             
2310273120;0025165281246
2310274127;             
2310277126;             
2310281123;0025124631250
2310282090;0025114670970
2310285129;             
2310286125;             
2310287121;             
2310289124;             
2310292125;             
2310293121;0025109901285
2310294128;             
2310296120;             
2310297127;             
2310298123;             
2310299120;             
2310300128;             
2310301124;             
2310302120;             
2310304123;0025094291244
2310308129;0025121510851
2310309125;             
2310310093;0725000400904
2310310093;0025032901081
2310310093;0025044171016
2310310093;0023010831011
2310312126;             
2310314129;             
2310315125;             
2310316121;             
2310317110;0025125361141
2310317110;0025127251114
2310320110;0025139441193
2310320110;0025139451156
2310320129;             
2310321125;             
2310322121;             
2310323128;             
2310325120;             
2310327123;0025108581309
2310328120;             
2310329126;             
2310331120;             
2310332127;             
2310333123;             
2310334120;             
2310335126;             
2310337129;             
2310338125;             
2310340120;             
2310342122;             
2310343129;0025145431269
2310344125;             
2310346128;0025062201355
2310346128;0025163101372
2310346128;0025166901264
2310347124;0025121991264
2310348120;             
2310349127;0025115221100
2310349127;0025122331209
2310349127;9625021661348
2310350125;0025162691290
2310350125;0025113971292
2310351121;             
2310353124;9625024701278
2310354120;             
2310355127;             
2310356123;             
2310357120;             
2310358126;             
2310359122;             
2310360120;             
2310363120;             
2310365122;             
2310367125;             
2310368121;             
2310370126;             
2310371122;             
2310374121;             
2310377120;             
2310378127;             
2310379123;             
2310380121;             
2310382124;             
2310383120;             
2310384127;             
2310385123;             
2310387126;             
2310391123;             
2310393126;             
2310394114;0025168671150
2310394122;             
2310395129;             
2310396125;9631006251350
2310397121;             
2310398128;             
2310399124;             
2310400114;             
2310400122;             
2310402125;             
2310403121;             
2310405116;0025117911103
2310405116;0025118601124
2310405124;             
2310406120;             
2310408123;0025181281239
2310409120;             
2310410128;             
2310411124;             
2310412120;             
2310413127;             
2310414123;             
2310416126;0025141181233
2310418129;0025165981221
2310422126;             
2310423068;0025127730608
2310423068;0025176210809
2310423068;0225000210667
2310437115;0025173501160
2310483079;0026004511291
2310483079;0025057461093
2310483079;0025032451299
2410033130;0026012901290
2410033130;0025150371350
2410449123;0025133251252
2410469124;0025034511280
2910004058;0025133431153
2910004058;0026007400903
2910005062;0000064400450
2910005062;0025103211295
2910005062;0025081541050
2910005062;0025058600844
2910007090;0225000020965
2910007090;0026003630920
2910008100;             
2910008134;0025005221300
2910008134;0025144761273
2910009106;             
2910011100;0025168240842
2910011100;0025113420903
2910018121;             
2910019128;             
2910024105;0025188110952
2910027120;0025149280958
2910027120;9625003451124
2910027120;9625014841247
2910027120;0025118491191
2910029093;0025128351112
2910029093;0025107710946
2910029093;0025048000968
2910029093;0025104020728
2910029093;0025176760973
2910029093;0025011961204
2910030059;0025218361095
2910030059;0025157731173
2910030059;0025139100957
2910030059;0225000440905
2910030059;0225000450978
2910030059;0225001781196
2910034046;0025128690758
2910034046;0025129450904
2910034046;0025114541224
2910034046;0025061431144
2910034046;0025054941183
2910034046;0025056791006
2910034046;0025161441133
2910034046;0025171591227
2910034046;0025191181059
2910034046;0025178051309
2910034046;0025071131380
2910034046;0000028980395
2910034046;0000033090025
2910035093;0025012540822
2910035093;0025073220984
2910035093;0025210510989
2910035093;0025191660968
2910035093;0025167800879
2910035093;0025159441083
2910035093;0025098500751
2910035093;0025040890905
2910035093;0025041910810
2910035093;0025124860870
2910035093;0025129831100
2910035093;0025134881136
2910035093;0025138031161
2910037096;0228000500960
2910037126;9625002261216
2910038041;0000008610495
2910038041;0000070650276
2910038041;0000055900275
2910038092;0025014001198
2910038092;0025015941348
2910038092;0025094251021
2910038092;0025103390874
2910038092;0025180841001
2910038092;0225000270805
2910038092;9625009301205
2910038092;0025144081302
2910038092;0025122180901
2910038122;9625011401319
2910038122;9631003741241
2910038122;0025156981079
2910038122;0025071140967
2910039099;0028010920884
2910040046;0025147401340
2910040046;0025042111393
2910040046;0025056741327
2910040046;0025053701332
2910040046;0025093471281
2910040046;0025099631396
2910040046;0025211171029
2910040046;0025175241220
2910040046;0025001101253
2910040046;0000047970359
2910043126;0025063771236
2910043126;0025056421250
2910043126;9631006911202
2910043126;9625009121223
2910043126;9625008811200
2910043126;9625008881240
2910046060;             
2910046095;             
2910046125;9625013081303
2910046125;0025041801280
2910046125;0025020591350
2910046125;0025155781289
2910052125;0025164491271
2910052125;0025030161200
2910052125;0025037161302
2910052125;9625001761320
2910061094;             
2910062066;             
2910063097;0025020351049
2910063097;0025097031022
2910063097;0025037000988
2910065090;0025229461029
2910065090;0025014471070
2910065090;0025176800940
2910065090;0025168961078
2910065090;0025196381099
2910065090;0025158341085
2910065090;0025092441168
2910065090;0025070761275
2910065090;0025030851133
2910065090;0025140270984
2910065090;0025149140943
2910065090;0025133771094
2910069044;0025130190678
2910069044;0025127570805
2910069044;0028013250740
2910069044;0025140111088
2910069044;0225001701184
2910069044;0028015571292
2910069044;0028017740733
2910069044;9625011181360
2910069044;0025069801137
2910069044;0025093560624
2910069044;0025088871293
2910069044;0025094601375
2910069044;0025097831304
2910069044;0025220321003
2910069044;0025172871045
2910069044;0002001190360
2910073050;0000047510358
2910073050;9625021931230
2910073050;9225000880838
2910073050;0025138991130
2910073050;0025129030875
2910073050;0025118571110
2910073050;0025017301192
2910076059;0025146631130
2910076059;0000032480202
2910076059;0025095020937
2910076067;             
2910076121;             
2910077063;             
2910088049;0000027030334
2910088049;0000005079977
2910088049;0000011360542
2910088049;0000060700513
2910088049;0009079110566
2910088049;0025074110740
2910088049;0025141660719
2910088049;0028002170731
2910088049;0025047420700
2910088049;0025045780750
2910089045;0028002170731
2910089045;0025173201108
2910089045;0009079110566
2910089045;0000005079977
2910089045;0000011360542
2910089045;0000027030334
2910089045;0000060700513
2910089045;0025035091340
2910089045;0025045780750
2910089045;0025047420700
2910089045;0025074110740
2910089045;0025120071030
2910089045;0025123090965
2910089045;0025144610658
2910089045;0025141660719
2910089045;0025168451037
2910092046;0000050490400
2910092046;0025109151260
2910096041;0000051630567
2910096041;0002000710506
2910096041;0000065050584
2910096041;0025009940661
2910096041;0025086860774
2910096050;0025088190695
2910096050;0000026120119
2910096084;0025013721316
2910096084;0025080340965
2910096084;0025155891033
2910096084;0025151731287
2910096084;0025030161382
2910096084;0025044490898
2910096084;0025117480889
2910096084;9625009681105
2910098109;9625000751151
2910098109;0025169431056
2910098109;0025177761051
2910098109;0025186561205
2910098109;0025187971067
2910098109;0025190381011
2910098109;0025155620862
2910098109;0025133011022
2910098109;0025115431333
2910098109;0025099331082
2910098109;0025079881001
2910098109;0025077651009
2910098109;0025065021064
2910098109;0025065351102
2910098109;0025044391059
2910098109;0025053571021
2910098109;0025042390926
2910098109;0025014791229
2910098109;0025016231182
2910099067;             
2910100081;0025009050801
2910100081;0025154190970
2910100081;0025165351040
2910100081;0025074730706
2910103102;0025033370900
2910104060;0220025360560
2910104060;0220025370523
2910106063;             
2910107043;0000067200214
2910107043;0225001801138
2910108058;0220012410521
2910108066;             
2910114090;             
2910116093;             
2910119092;             
2910120090;             
2910121100;0026003481070
2910123049;0025097880860
2910123049;0025049241195
2910130045;0000040900550
2910130045;0000046540563
2910134040;             
2910135047;             
2910135063;0025106970723
2910135063;0025034831005
2910135063;0025028190915
2910135063;0025125560934
2910135063;0000069720479
2910135063;0025234711089
2910135063;0025071210922
2910136043;             
2910137040;             
2910138046;             
2910138054;0025135101002
2910138062;0025009240767
2910138062;0025067071077
2910138062;0025113871077
2910138062;0025061240632
2910138062;0025053220822
2910138097;             
2910139042;             
2910139093;             
2910140040;             
2910147061;             
2910149056;0025107480924
2910149056;0025114200664
2910149056;0000013530208
2910149056;0025105200835
2910150062;0028014150650
2910153053;0025104031177
2910153053;0000048680214
2910153053;0025002520861
2910191087;0225000870837
2910191087;0025166210865
2910199100;0000070790280
2910199100;0000011379995
2910199100;0025153901295
2910199100;0025160011267
2910199100;0025213771040
2910199100;0025088701100
2910199100;0025092041305
2910199100;0026015971191
2910199100;0025138571352
2910199100;0025052971000
2910199100;0025052831178
2910199100;0025049741163
2910199100;0025052571168
2910199100;0025021851142
2910201104;0025034741103
2910201104;0025034291140
2910201104;0028007671208
2910201104;0025117581138
2910201104;0025089911205
2910201104;0000005079977
2910201104;0000027030334
2910201104;0025014681121
2910203107;             
2910217108;0025062741031
2910217108;0025168090778
2910217108;0025162301254
2910217108;0225000921091
2910218104;0025030081001
2910218104;0025052521225
2910218104;0025154871144
2910218104;0025090231018
2910218104;0025092991230
2910218104;0025013091460
2910220087;             
2910228053;0000064800555
2910232107;0025058900643
2910232107;0025136311027
2910242102;0026026181014
2910242102;0025066671054
2910243052;0220005770496
2910251055;0025079241010
2910251055;0000041249950
2910251055;0025000061070
2910263053;0025011980772
2910263053;0000019910193
2910263053;0025066711102
2910263053;0025194941070
2910263053;0025127881215
2910263053;0025052401327
2910263053;0025047581380
2910263053;0025039000705
2910365115;             
3110044137;0025092691350
3110049139;0025059131376
3110052130;9625006301190
3210046131;9631001161337
3210046131;0025151761275
3210070130;0025134071304
3210096139;0025040501275
3510023137;0025013271361
3510038096;0025013880970
3510073126;0025055441230
3510084063;0025071230605
3510093097;0025021490964
3510126106;0025087511030
3510152123;0025088271261
3510169085;0025104930864
3510180070;0025150290945
3510180070;0025103310609
3510180070;0025032751098
3510183096;0025110320908
3510201108;0025151361099
3510201108;0025151371051
3510202090;0025008160956
3510205120;0025049061294
3510244109;0025171331071
3510256107;0025100591062
3510293100;0025192691034
3510360095;0025137480850
3610015047;0000044000383
3610015047;9631002691348
3610028041;0000025570374
3610028041;0009018410489
3610038128;0025211460993
3610039124;0025210360995
3610039124;0025100021045
3610064099;0025070190936
3610064099;0025068370949
3610067063;0025074810645
3610067063;0025098260696
3610067063;0025049030658
3610067098;0025028730880
3610068116;0025062121165
3610081120;0025051021121
3610090090;0025044770904
3610094125;0025055291166
3610095121;0025148231104
3610101121;0025025571276
3610111127;0026010011270
3610127112;0025047781044
3610127112;0025085131132
3610138106;0025175501079
3610143061;0025166990771
3610143061;0025069890644
3610143061;0025011481008
3610143061;0025025830719
3610159111;0025070441106
3610168110;0025043471113
3610168110;0026010481153
3610188049;0320032810426
3610192062;0000015820386
3610197129;0025028661209
3710010098;0025141430802
3710018099;             
3710020093;             
3710038103;             
3710040094;             
3710043115;             
3710061091;             
3710067081;0025141610703
3710081114;             
3710086060;             
3710119081;0025061650881
3710120080;             
3710145074;0325000760720
3710161070;             
3710166047;             
3710192072;0326000420725
3710198062;             
3710224047;0320031430492
3710230071;             
3710251079;             
3710350115;             
3810014095;0025007860997
3810014095;9631004050978
3810024104;0025013291044
3810026085;0025079390601
3810026085;0025094120601
3810026085;0025124650638
3810027081;             
3810032085;             
3810043109;0025146930986
3810043109;0025025231092
3810046094;0025018470834
3810047090;0025077340941
3810048097;0025083480903
3810054089;0326000520789
3810058084;             
3810085090;             
3810087092;             
3810120081;             
3910146066;0025054830780
3910146066;0025076380796
3910146066;0000027340449
3910146066;0000039230104
3910147062;0325001360679
3910147062;0000027340449
3910147062;0000031570160
3910147062;0025091560716
3910160069;0025003910787
3910160069;0000025900005
3910160069;0000010200487
3910160069;0025160680690
3910160069;0025142000755
3910221068;             
3910426115;             
3910439110;0025184291154
4110001145;             
4110002141;             
4110003148;             
4110004136;0025109131234
4110004144;             
4110005132;             
4110005140;             
4110006147;             
4110008140;             
4110009138;             
4110011140;0025085951288
4110011140;0025050251344
4110014140;0025070111149
4110015146;0025169371134
4110016142;0025003371118
4110017149;0025178261109
4110018145;0025181211370
4110018145;9625000451433
4110019141;             
4110022142;             
4110023149;             
4110024145;             
4110026130;0025052891154
4110026148;             
4110027144;             
4110038138;             
4110138132;             
4110151139;0025002561037
4110153131;             
4110158133;             
4110159130;             
4110167132;0025087841331
4110167132;0025223821015
4110169135;0025041711109
4110171130;0025182741209
4110171130;0025104631107
4110172136;             
4110175135;             
4110176131;0025029641210
4110177138;0025063001392
4110178134;             
4110182131;0025061691308
4110182131;0025158641208
4110186137;0025171421143
4110187133;0025025671300
4110187133;9625007281355
4110188130;0025144901385
4110189136;             
4110190134;             
4110192137;0025061271198
4110193133;             
4110195136;             
4110196132;0025155811102
4110196132;0025044051380
4110196132;0025148781368
4110197139;0025148781368
4110197139;0025044051380
4110197139;0025155811102
4110198135;9625021571357
4110199131;9625018271100
4110200130;9625018261148
4110201136;0025152061315
4110201136;0025152471300
4110203139;0025169641298
4110203139;0025182501151
4110203139;0025005601200
4110203139;0025041911388
4110203139;0025110831325
4110205131;9625010831204
4110206138;0025131911379
4110206138;0025131921331
4110209137;0025091131351
4110211131;0025132891371
4110213134;             
4110215137;0025059741280
4110215137;0025057161294
4110216133;0025057161294
4110216133;0025059741280
4210011134;0025106831367
4210016136;             
4210018139;             
4210019135;             
4210020133;             
4210021130;             
4210023132;             
4210028134;0025092911229
4210059137;             
4210082139;0025081371112
4210082139;0025187181090
4210082139;0025168691003
4210082139;0025150861365
4210082139;0025106031328
4210082139;0025002201090
4210082139;0025013140933
4210082139;9625007791205
4210082139;9625017771215
4210082139;1425000131329
4210082139;0025062161205
4210082139;0025128461058
4210082139;0025123941310
4210082139;0025119981303
4210082139;0025137901030
4210091138;9625000511193
4210098132;9625005671318
4210110132;9631006751248
4210116130;             
4210119130;9631005181340
4210147133;             
4210156132;0025071241305
4210165131;0025193040908
4310001149;0025004451433
4310004148;             
4310006132;0013000171206
4310008135;9625000031302
4310025137;0025052891154
4310034136;             
4310046134;0025163931219
4310046134;0025163961207
4310046134;0025066941299
4310069134;0025119771171
4310069134;0025022941340
4310077137;             
4310078133;0025149731127
4310082130;0025042881318
4310085130;0025046621302
4310085130;0025123011178
4310089062;0425000740603
4310089062;0009057730553
4310094139;             
4310095135;             
4310096131;             
4310097138;             
4310098134;             
4310099130;             
4310100139;             
4310132111;0025140501110
4310132111;0425000311168
4310136125;0025030121240
4310137121;0025024241272
4310137121;0025009011229
4310139124;0025168220906
4310148123;             
4310162126;9625006161240
4310169112;0025041041111
4310169112;0025124280873
4310169112;0025077241102
4310169112;0025089200880
4310196128;0025093131260
4310204112;             
4310207111;9625008321105
4310207111;0423000321196
4310208118;0423000321196
4310208118;9625008321105
4310209114;9625008321105
4310209114;0423000321196
4310209114;0025160680851
4310225128;9625004981135
4310242120;             
4310253121;0025110031205
4310287123;9625001361225
4310337112;             
4310368123;             
4310399118;0025063961108
4310422110;0025201840947
4310422110;0025146941163
4310445110;0025023991146
4310445110;9631004581159
4310445110;0025183140918
4310445110;0025084901139
4310447112;0025003281127
4410049119;             
4410051113;             
4410055062;0000047620536
4410055062;0000043020526
4410077074;             
4410131095;0026003560965
4410136097;             
4410137123;0425000461216
4410146050;0000021570558
4410184040;0009002630409
4410184040;0025025760672
4410195123;             
4410207121;             
4410210122;             
4410212109;0025126581048
4410212125;0023094561282
4410212125;0023048091201
4410241109;0025219461093
4510034105;             
4510036094;             
4510038097;             
4510040091;             
4510050070;             
4510077092;0025041580764
4510077092;0025048750967
4610006138;             
4610018136;             
4610025132;             
4610032120;0025086521139
4610032120;9631000361219
4610034123;9631000461272
4610034123;0025146761181
4610056100;0025051341118
4610056100;0025042620867
4610056100;0025164781350
4610059096;0025018770986
4610064111;0025127500947
4610072114;0025051541125
4610089122;0025077321211
4610099098;             
4610111098;0025137980828
4610111101;0025053540738
4610113090;0025028911167
4610113090;0425000540949
4610114127;0025133271105
4610114127;0025240481014
4610117100;0025071600984
4610117100;0025101140854
4610121115;             
4610138107;0025186791030
4610141124;             
4610143100;             
4610144123;0025093951143
4610147106;0025194800922
4610151111;             
4610168081;0025106080612
4610170124;0025163671209
4610189089;0025082600883
4910002073;0028016420611
4910005080;0025113290775
4910006060;0025031820622
4910006060;0025009200897
4910007105;0025159400999
4910007105;0025106630973
4910007105;0025119701203
4910007105;0025149180813
4910007105;0028007011020
4910017089;0031003321132
4910017089;0428001410650
4910017089;0025102540651
4910017089;0025093910625
4910019057;0000016160487
4910022058;             
4910022082;0420016840500
4910023054;             
4910025081;0428000200806
4910026088;0428000180856
4910026088;0025174760801
4910028080;0428000270847
4910032088;0428000050804
4910033106;             
4910036083;0025119610755
4910036083;0025000690875
4910036105;0832000121058
4910040102;0025117161007
4910040102;0025110951223
4910040102;0025016981009
4910040102;0025022261047
4910040102;0025022371063
4910040102;0025041261073
4910040102;0025036541004
4910040102;0025004351056
4910040102;0025234131082
4910040102;0025234601062
4910040102;0025167681250
4910040102;0025221691068
4910040102;0025104881120
4910041079;0025002350761
4910052100;0025001160772
4910052100;0025100581261
4910052100;0025121140663
4910052100;0025137731011
4910056050;0002000460550
4910056050;0002002790337
4910058079;0025000750797
4910058079;0025108501054
4910059059;0000075130467
4910059059;0025104571015
4910060073;             
4910067094;             
4910071091;0028007011020
4910071091;0028000620969
4910071091;0025028110903
4910071091;0025046921101
4910071091;0025104941041
4910073086;             
4910075100;0025080691083
4910076077;0425000570775
4910078100;0025147740986
4910078100;0025144781118
4910078100;0025065670623
4910079106;0025176390947
4910079106;0025059961050
4910080066;0428000960606
4910081070;0428000310733
4910081070;0025011750939
4910081070;0000072930462
4910084096;0025003600915
4910084096;0025075980935
4910084096;0025190601070
4910084096;0025027891090
4910086064;0025024360603
4910086064;0025102690971
4910086064;0025087800813
4910095055;0025087330752
4910095055;0000007630557
4910095055;0025020210909
4910095055;0025047840741
4910095055;0028020010783
4910100075;0025048331212
4910100075;0025045560717
4910100075;0025106980958
4910100075;0025055491254
4910100075;0025098530901
4910100075;0025156951080
4910100075;0025161860969
4910101055;0420026900379
4910101098;0025109351005
4910101098;0025048781250
4910101098;0025139361084
4910101098;0025152221029
4910101098;0025155540753
4910101098;0025087720976
4910101098;0025064981170
4910102060;0025048440690
4910106057;0025237321060
4910106057;0009023820479
4910106057;0025015971093
4910106057;0025085061177
4910106057;0025094080626
4910106057;0025092871090
4910106057;0025068471036
4910106057;0025157130927
4910106057;0025194110900
4910106057;0025170841068
4910106057;0025138411150
4910106057;0025115831196
4910106057;0025028061198
4910106057;0025033631215
4910106057;0025033831222
4910106057;0428000630991
4910107096;9625027681260
4910107096;0025108330900
4910107096;0025133141074
4910107096;0025134670941
4910107096;0025129530924
4910107096;0028013931186
4910107096;0028001770980
4910107096;0028000600933
4910107096;0028000041349
4910107096;0025163930913
4910107096;0025202150979
4910107096;0025101011027
4910107096;0025068941288
4910107096;0025078501167
4910107096;0025015471104
4910107096;0023047720809
4910107096;0025235801014
4910108050;             
4910109056;             
4910109072;0428000730783
4910110062;0025079960726
4910110062;0428001270620
4910110062;0028000290802
4910110062;0028000831072
4910110062;0028001111006
4910110062;0028012331290
4910110062;0028009201144
4910110062;0025138410936
4910110062;0025123151182
4910112057;             
4910112065;             
4910112073;0025066630706
4910112073;0025097450939
4910113053;             
4910114050;             
4910114076;0428001280773
4910115056;             
4910116052;             
4910117075;             
4910118055;             
4910118071;             
4910120050;0028018771233
4910120050;0720030100459
4910120050;0025118821248
4910120050;0025117300813
4910120050;0025139060807
4910120050;0025144340685
4910120050;0028013121184
4910120050;0025108190890
4910120050;0025047101272
4910120050;0025053001276
4910120050;0025041191270
4910120050;0025040001035
4910120050;0025028390760
4910120050;0025064260944
4910120050;0025074981105
4910120050;0025096221294
4910120050;0025161620810
4910120050;0025177120854
4910120050;0025163560725
4910120050;0025167031042
4910120050;0026001261391
4910120050;0025011391190
4910120050;0023047491001
4910120050;0025006461304
4910120050;0000028080483
4910120050;0000031840566
4910121099;             
4910124098;0026003560965
4910126090;             
4910131060;0428001700659
4910137076;0428001520758
4910139095;             
4910141065;0025005870537
4910144072;0425000710704
4910144099;             
4910146083;             
4910147063;0428001970605
4910148086;0025026880868
4910149090;             
4910150064;0428002160658
4910150064;0025105660917
4910151095;             
4910152083;0428000490707
4910153063;0025042561089
4910153063;0025037651067
4910153063;0025051860654
4910153063;0025145230956
4910153063;0025137871026
4910153063;0025116050740
4910153063;0025128971250
4910153063;0025127901267
4910153063;0025135430847
4910153063;0025131820659
4910153063;0025106471212
4910153063;0025069111386
4910153063;0025009920989
4910153063;0023048950859
4910153063;0025012121005
4910153063;0000001300440
4910153063;0025235481001
4910156062;0000051460548
4910156062;0025014410799
4910156062;0025090650681
4910156062;0025147460860
4910156062;0026009040939
4910156062;0025053810620
4910156062;0025019570832
4910157069;0000013030582
4910158065;0000013450107
4910158065;0000029090067
4910158065;0000051100509
4910158065;0000062710575
4910158065;0025095310692
4910158065;0420018880542
4910162070;0425000760710
4910164065;0428002310641
4910164073;0425000810750
4910166068;9631003100610
4910166068;0025028390760
4910166068;0028012550766
4910166068;0025144870722
4910166068;0025213031003
4910166068;0025078901181
4910166076;0425000780745
4910166076;0000026850516
4910166076;0025024820892
4910167099;0428000520975
4910168060;             
4910168079;0425000800797
4910170090;0832000930835
4910171061;0425001010684
4910171096;0832000930835
4910179062;0025116960615
4910179062;0000022520589
4910183078;0025116070776
4910183078;0025145410776
4910186077;0425000860773
4910187073;0425000870736
4910189076;0025147930769
4910189076;0028004830836
4910189076;0025003020838
4910191070;             
4910193073;0428001700730
4910193073;0025133350749
4910194070;0425000890761
4910195076;             
4910196072;0428001450792
4910209085;0025043800702
4910217088;0428000670861
4910220089;             
4910227083;0428002130740
4910227083;0025050760737
4910227083;0025099311219
4910227083;0025154980784
4910228080;0025161690940
4910228080;0025094391036
4910228080;0025087850756
4910228080;0025006701046
4910228080;0025029071367
4910228080;0025021550703
4910228080;0025140171064
4910228080;0025124011031
4910228080;0025124031067
4910229086;0025130150889
4910229086;0025138801102
4910229086;0025144661139
4910229086;0025016821303
4910229086;0025090310740
4910229086;0025154070990
4910229086;0025190081050
4910229086;0025172110869
4910230084;0025154560904
4910230084;0025002811084
4910230084;0025118610891
4910230084;0025114220851
4910230084;0025027041037
4910230084;0025039591134
4910230084;0025036610847
4910230084;9225000740823
4910234080;0428000760852
4910234080;0028004820873
4910235086;0028005101021
4910235086;0028005511190
4910235086;0028003030933
4910235086;0028000821352
4910235086;0025143200707
4910235086;0025118231106
4910235086;0025134681129
4910235086;0025134091240
4910235086;0025044151333
4910235086;0025042791246
4910235086;0025049291290
4910235086;0025107301183
4910235086;0025005041158
4910235086;0025010251050
4910235086;0025150870941
4910235086;0025095230826
4910235086;0025097840800
4910235086;0025165041288
4910247084;0025165741000
4910247084;0025183521202
4910247084;0025095250932
4910247084;0025095350805
4910247084;0025097941320
4910247084;0025097051309
4910247084;0025067861396
4910247084;0025003050907
4910247084;0026000791222
4910247084;0025136651120
4910247084;0025120411159
4910247084;0025135721140
4910247084;0026017931391
4910258086;0025141560765
4910258086;0025132530603
4910258086;0000033750564
4910258086;0025097450858
4910258086;0025156480703
4910259082;0025053660806
4910268081;0025136930789
4910269088;0028011320805
4910272089;0025165280789
4910273085;0025169701029
4910273085;0025064200887
4910273085;0025115260857
4910273085;0025024680861
4910273085;0025023810885
4910277080;0025109560860
5110003149;0025001801409
5110054134;8831003971327
5110054134;9631005511316
5110056099;0025031241193
5110056099;0025114660908
5110056099;0025064720961
5110162069;             
5210004066;0025005210529
5210008061;0000049270524
5210043061;0025005020584
5210043061;0025022530803
5210044068;0025005090523
5210055078;0025030420663
5210115046;0000044300344
5210118045;0000041150406
5210125130;0025014860999
5210125130;0025092001354
5210125130;0025082941362
5210125130;0025166221204
5210125130;0025173630807
5210125130;0025100051386
5210125130;0025035241252
5210125130;0025043701135
5210125130;0025017721302
5210125130;0025029151395
5210125130;0025057021360
5210125130;0025045340865
5210125130;0025120440922
5210128059;0000062500503
5210136051;0000017410550
5210137066;0000002980428
5210151050;0000066930596
5210160068;0025020490596
5210164055;0000023130300
5210171051;0000055960413
5210171051;0025004260506
5210171051;0525000390600
5210171060;0000059400528
5210213072;0025035640700
5210243060;0025085920641
5210286061;0025034430604
5310016040;0000002230429
5310049088;0032000610738
5310052089;0025019340837
5310068104;0025153021228
5310069100;             
5310099050;0000074320467
5310101098;0025034780931
5310137092;0025140650973
5310137092;0025016850753
5310149104;0025189110905
5310152040;0000017110327
5310152040;0000035290293
5310157050;0000020280343
5310159053;0000047860502
5310166041;0000036960497
5310168079;             
5310170103;0025189110905
5310173102;0025189110905
5310178058;0000025330578
5310178058;0000027450201
5310178058;0531000221103
5310179046;0000049670468
5310196102;             
5310230041;0000016690281
5310268081;0025103170831
5310268081;0025113950880
5410004140;0025002141410
5410005147;9625024931273
5410006070;0025065650606
5410007140;9625007621393
5410018141;9625007801103
5410018141;9625018411131
5410018141;0025113891000
5410018141;0025075011037
5410022149;9625023761390
5410023145;9625023761390
5410033140;9625002611217
5410058089;             
5410095081;0025166520899
5410101090;0025106550864
5410118073;0025120480630
5410149130;0025106031247
5410150139;0025087711390
5410151135;9625004061389
5410156137;0025040791338
5410156137;0025080211308
5410156137;0025003601300
5410156137;0025006561368
5410157133;0025124981154
5410157133;9625017451148
5410159080;0025038220701
5410159080;0025054700810
5410159080;0025050700831
5410165136;0025026301264
5410166078;0025099440701
5410171136;             
5410173139;0025156830968
5410177070;0025093870739
5410177070;9631005500705
5410183134;9625024331322
5410183134;0025057291317
5410189078;0000008660409
5410260082;0000007010338
5410273087;0025005350533
5410275080;0025068280877
5410275080;0025005100502
5410306082;0025110140845
5410376064;0025148730704
5410376064;0000030450136
5410390083;0025157890727
5410391080;0025078090868
5410399080;0025046090943
5410399080;0025142820809
5410414080;0025016560755
5410414080;0025113190800
5910007122;0028004161225
5910007122;0525000800604
5910008129;0028004161225
5910009109;             
5910010107;0028003681284
5910012100;             
5910013092;0025150591040
5910013092;0000037310224
5910013106;             
5910015133;0025002201251
5910015133;0025085671242
5910015133;0025076350960
5910028120;9625000351218
5910028120;0025041261235
5910033093;0000041060164
5910035096;0025082591361
5910035096;0025062571284
5910035096;0025158310791
5910035096;0025103521219
5910035096;0025112270703
5910035096;0026008680977
5910035096;0025141440948
5910035096;0025130631399
5910035096;0025122281341
5910035096;0525001111004
5910035096;0520038620277
5910035096;0531000460949
5910035096;0525006770901
5910035096;9631004130904
5910035100;             
5910038095;0000033870110
5910040120;0028000591250
5910040120;0028010691320
5910048120;0000038270544
5910049127;0000038320584
5910050125;9631004631199
5910051121;0026024191250
5910052128;0025109711230
5910052128;0025023621217
5910052128;0025010371209
5910058126;0025009841094
5910058126;0025088450948
5910058126;0025072680698
5910058126;0025095580991
5910058126;0025188471386
5910058126;0025019970776
5910058126;0025018111192
5910058126;0025140670656
5910058126;0531000781230
5910059122;0028002911251
5910059122;0025114911331
5910059122;0025056341060
5910059122;0025054241017
5910059122;0025186821126
5910059122;0025175671152
5910059122;0025065871289
5910060120;0025079180712
5910060120;0025167791276
5910060120;0025095101007
5910060120;0025156571253
5910060120;0025106621206
5910060120;0025128710708
5910060120;0028005041290
5910060120;0028011441181
5910062093;0000056690495
5910066102;             
5910067125;0025043811232
5910075110;             
5910076124;9625004671101
5910090119;0025053350793
5910091115;0025028881233
5910091115;0531000150915
5910091115;0531000151210
5910091115;0025064510800
5910091115;0025076211250
5910091115;0025071541287
5910091115;0025068431166
5910094114;0025161580842
5910107127;0028008221206
5910107127;0028006051206
5910118129;0025155101164
5910119095;0025091361195
5910119095;0000015100375
5910119095;0025237591017
5910119095;0025133391186
5910119095;0025113411157
5910119095;0531000671214
5910119095;0531000741107
5910119095;0525003881109
5910119117;             
5910120115;             
5910121090;0025020620554
5910121111;0025055551338
5910121111;9625007731300
5910121111;9625022481220
5910121111;9625022541222
5910121111;9625008771143
5910121111;9625011531360
5910123114;9625006441367
5910123114;0028016651184
5910123114;0025130891200
5910123114;0028001201269
5910123114;0025172891232
5910123114;0025014231274
5910125117;             
5910126091;0025223421009
5910126091;0025182771027
5910126091;0025002091138
5910126091;0025046950632
5910126091;0025030201350
5910126091;0531000171084
5910126091;9625013801241
5910126113;9625005551177
5910126113;9625004381103
5910126113;0025019781027
5910126113;0026012041339
5910126113;0025163261221
5910126113;0025163600883
5910126113;0025088421093
5910131125;0025064791125
5910131125;0025064010832
5910131125;0525005091202
5910132105;             
5910133101;             
5910134116;9625002391187
5910134116;0025026531340
5910135090;0025064360906
5910139100;0025165241023
5910155091;             
5910157094;0025159661288
5910158112;0025114791174
5910158112;0528000621303
5910159097;0525004391067
5910167120;             
5910188100;             
5910189093;0000062030434
5910190105;             
5910196103;             
5910201115;             
5910202111;             
5910220101;0025122420996
5910220101;0025047451257
5910220101;0025188371080
5910293109;0025177231095
5910297090;             
5910301098;0000033060118
5910301098;0025010580622
5910301098;0025178491023
5910301098;0025146580985
5910301098;0025122901234
5910301098;0025080410920
5910301098;0025094560911
5910301098;0025095751044
5910301098;0025224971037
5910301101;0002000090524
5910301101;0025004711010
5910301101;0025180711132
5910301101;0025054190609
5910301101;0025059310700
5910301101;0025020870585
5910301101;0025122311003
5910301101;0026016951291
5910308106;0025040031295
5910308106;0025186871069
5910310100;0025182521187
5910310100;0025182641328
5910310100;0025178691200
5910310100;0025183961105
5910310100;0025165881359
5910310100;0025165891311
5910310100;0025176841205
5910310100;0025156411132
5910310100;0025162351197
5910310100;0025162221307
5910310100;0025081011256
5910310100;0025083501250
5910310100;0025091811301
5910310100;0025067731263
5910310100;0025068241383
5910310100;0025079931203
5910310100;0025078271226
5910310100;0025005481123
5910310100;0025008641466
5910310100;0023035470756
5910310100;0025000111000
5910310100;0025014741043
5910310100;0025011481423
5910310100;0025041700840
5910310100;0025042990796
5910310100;0025038221260
5910310100;0025028861127
5910310100;0025058921306
5910310100;0025053331306
5910310100;0025052511343
5910310100;0025045611303
5910310100;0025139071329
5910310100;0025124851293
5910310100;0025133421271
5910310100;0025128051232
5910310100;0025128061203
5910310100;0025125321352
5910310100;0025126701205
5910310100;0832000401255
5910310100;9625001331407
5910310100;9625004801331
5910310100;9625008541300
5910310100;9631008151396
5910311107;0531000251355
5910311107;0025093671027
5910311107;0025079271190
5910311107;0025055101308
5910311107;0025046120958
5910311107;0025054070700
5910311107;0025139901291
5910312103;             
5910314106;0028006491273
5910314106;0028010161363
5910314106;0028011231020
5910314106;0028017561308
5910314106;0028017571362
6210090060;             
6210092063;             
6210093060;             
6210094066;             
6210095062;             
6210100066;             
6210101062;             
6210102069;             
6210103065;             
6210104061;             
6210110061;             
6210116060;0025103290659
6210117066;             
6210125069;             
7110001148;0025045951317
7110001148;0025045061044
7110004147;0025147331113
7110004147;8831005411361
7110055132;9625003361303
7110055132;9625018621373
7110055132;9625021791390
7110055132;0025118771399
7110055132;0025151681328
7110066134;0025090881306
7110066134;9631005711323
7110070131;9631006271386
7110070131;9631006351304
7110070131;9625024541300
7110070131;0025135641384
7110070131;0025160541304
7110070131;0023018371303
7110072134;0025068791375
7110073130;9625025201325
7110078132;9625006101345
7110078132;0025045451268
7110078132;0025106831103
7110078132;0025087721352
7110078132;0025106491167
7110082130;9625024041324
7310004140;             
7310008138;9625016951333
7310008138;0025179101113
7310009134;             
7310010140;             
7310011147;9631000601465
7310011147;0025184641317
7310012143;             
7310013140;             
7310014138;             
7310014146;8831000121411
7310014146;0025053361302
7310018133;             
7310021134;0025057521339
7310021142;             
7310023145;9625016831354
7310023145;9625019361308
7310024133;8831000891365
7310024133;0025150821061
7310026144;9625000891409
7310026144;0025175961150
7310026144;0025128171050
7310026144;0025064491164
7310032136;0025079881265
7310033140;             
7310045130;9625008901373
7310051130;0025068381398
7310058135;9625013661300
7310059131;9625011771167
7310059131;0325000911280
7310059131;0025057701310
7310059131;0025126431151
7310059131;0025170691074
7310059131;0025000221379
7310060130;             
7310061136;             
7310073134;9625014961307
7310088131;9631004621398
7310092139;             
7310093135;             
7310100131;             
7310101138;             
7310103130;             
7310104137;0025000381147
7310104137;0025171311399
7310104137;0025173151160
7310104137;0025155990791
7310104137;0025131470810
7310105133;             
7310110137;0025084941270
7310115139;0025149241111
7310115139;9625021591382
7310115139;9625022131326
7310116135;             
7310117131;             
7310119134;9625024771306
7310120132;9625013291375
7310120132;9625004101356
7310121139;9625019251391
7310121139;0025145330829
7310121139;0025047321124
7310121139;0025040371126
7310121139;0025074680920
7310121139;0025153860912
7310121139;0025152731302
7310124138;0025017250857
7310124138;9631007181330
7310127137;0025049721308
7310135130;0025085751351
7310140133;0025047181284
7310140133;0025131231319
7310140133;9625025671399
7610002135;0025073881298
7610003131;0023028291310
7610003131;0025141301239
7610004138;0026018351097
7610013137;0025007461359
7610013137;0023002131332
7610013137;0026000681397
7610014133;0025224861010
7610015130;0025002281344
7610018139;0025002321311
7610024139;0025180321261
7610026123;0025098980869
7610028134;0025068681278
7610030120;             
7610030139;0025109061279
7610031135;0025152311109
7610032123;0025013141310
7610032123;0325000381206
7610032131;0025006341325
7610032131;0025124241380
7610033138;             
7610036137;9631000171355
7610041130;0025150391202
7610045136;9625022391239
7610047120;0323000211260
7610050121;0025150311020
7610050121;0025094501230
7610050130;0025019701368
7610051136;9625008351284
7610052132;0025051901199
7610052132;0025100641264
7610052132;0025067291271
7610052132;0025011831262
7610056138;0025004361361
7610060127;             
7610064122;             
7610065129;0025171241161
7610070130;0025150761220
7610072125;0025016631016
7610076120;0025075801275
7610080128;9625011781200
7610081124;9625011801252
7610090123;0025025751177
7610090123;0025122181207
7610091138;0025115021194
7610091138;0025087421200
7610091138;0025015861310
7610112127;0025094271138
7610118125;0025075670820
7610122122;0025088811207
7610130125;0025080330650
7610130125;9625021871318
7610134120;9625013261204
7610134120;0025216511090
7610149128;0025093351200
7610169129;0025095171200
7610181129;0325000811227
7610182125;0325000811227
7610184128;0325000851288
7610189120;9625016251277
7610190128;9625013001202
7610191124;0025048050809
7610192120;0025104761221
7610204129;0025170691074
7610204129;0025066121224
7610204129;0023008851159
7610204129;0025126431151
7610204129;9625011771167
7610204129;0325000911280
7610206121;0025156700916
7610209120;9625016441211
7610210129;0025104831297
7610210129;0025165141231
7610210129;9625007791396
7610210129;9625021951265
7610213128;0025185521110
7610214124;             
7610235121;0325000951231
7610235121;0025127631294
7610235121;0025033871100
7610237124;             
7610238120;9625013921220
7610238120;9625018391270
7610240125;0025025371188
7610245127;9625022351288
7610255122;9625020691200
7610255122;9631000321349
7610255122;9631000071300
7610255122;9631003001205
7610255122;0025127201281
7610255122;0026054051170
7610255122;0025066631265
7610258121;0025072951128
7610258121;9631005601226
7610261122;9625020331263
7610266124;0025108821202
7610268127;0025001571136
7610270121;9625009841234
7610273120;9625018821208
7610279129;0025038281247
7610287121;0025081811295
7610296120;             
7610300128;             
7610314129;0025213271071
7610314129;0025213291005
7610322121;0025089761211
7610322121;9625020421254
7610323128;0025077571242
7610326127;0025099471259
7610336122;9625018581215
7610338125;0025169091280
7610338125;0025083461283
7610339121;0025073581146
7610340120;0025004371243
7610340120;9625009701149
7610341126;0025148391225
7610346128;0325001051293
7610355127;0025113681294
7610355127;0025082371248
7610356123;0025091901211
7610357120;0025136191293
7610357120;9625012441233
7610362123;0025125281202
7610364126;0025233631006
7610364126;0025090991160
7610364126;0025077761025
7610364126;0025166811192
7610364126;0025150721270
7610364126;0025140411200
7610364126;0025041401185
7610364126;0025059111006
7610365122;0025072321299
7610365122;0025006231228
7610371122;0025143801204
7610371122;0025062391200
7610371122;0025054801330
7610372129;0025106591030
7610372129;0025028221225
7610372129;0025028831210
7610372129;0025134971046
7610373125;0025028831210
7610374121;0025164441258
7610375128;9625016391109
7610384127;0025138321240
7610385123;0025048421203
7610385123;0025105851267
7610388122;0025017731014
7610389129;0025124461231
7710068120;0025052760807
7710095127;0025076151258
8010045055;0000075340437
8010045055;0000057070482
8010106062;0000034320334
8010110060;0000034320334
8010114057;0000035069910
8010126063;             
8010140066;             
8010178055;0028000120648
8010178055;0025000050620
8010194042;             
8010194050;0000023820241
8010222054;             
8010223050;             
8010224057;             
8010229067;             
8010246050;0000023820241
8010255068;             
8010256064;             
8010257060;             
8010258067;             
8010258121;             
8010276057;             
8010283053;             
8010306061;             
8010313068;             
8010322067;             
8010323063;             
8010324060;             
8010362069;             
8010367060;0000051090511
8010368067;0000051090511
8010376060;0026000210785
8010377066;             
8010378062;             
8010379069;             
8010381063;             
8010396060;             
8010425044;0003000860401
8110003087;             
8110105130;0025118951370
8110119131;0025017211363
8110146139;0013000141218
8210002040;             
8210003046;             
8210003054;             
8210004042;             
8210006045;0000058640380
8210006045;0000058650342
8210006045;0000058660305
8210006045;0000058670378
8210006045;0025010220502
8210008048;0000058720308
8210008048;0000058760369
8210009044;0000058600329
8210009044;0000058510338
8210009044;0000058520309
8210009060;             
8210010042;0000058530363
8210010042;0000058540326
8210010042;0000058550399
8210010042;0000058560351
8210010042;0000058590340
8210010050;             
8210012045;0000058700382
8210012045;0000058710345
8210012045;0000058740333
8210012045;0000058750304
8210013041;0000058840397
8210013041;0000058850350
8210014048;0009018780308
8210016040;0000070570590
8210016040;0025058261373
8210020064;             
8210021060;             
8210023055;             
8210025040;             
8210029061;             
8210033069;             
8210040049;0009007310445
8210040049;0000010740406
8210041061;             
8210042041;             
8210042068;0009028060502
8210042068;0025069220673
8210044044;             
8210046063;             
8210047060;             
8210048066;             
8210053043;0000023850400
8210066048;0000017890403
8210066048;0000014290510
8210066048;0000009770550
8210066048;0009040380414
8210066048;0009055940453
8210066048;0000065920406
8210072048;0009044640593
8210072048;0000030770475
8210084046;             
8210085042;0000067850502
8210085042;0025030600645
8210087045;             
8210096044;             
8310003110;             
8310035136;0025100681304
8310035136;0025162721385
8310035136;0025184981339
8310043139;9625009611310
8310051131;             
8310054068;             
8310061137;             
8310117132;9625020451242
8310117132;0025194140906
8310117132;0025163261140
8310118139;             
8310129068;             
8310140061;             
8310141068;             
8310142064;             
8310144067;             
8310156065;             
8310174063;             
8710032126;9625003641250
8710032126;0025148181174
8710033122;0025137501105
8710033122;0025033811388
8710033122;0025030171264
8710060120;0025038561363
8710060120;0025047431221
8710060120;0025070251234
8710276122;0025012181245
8710276122;0025059201250
8710276122;0025021451128
8810202120;0025029351211
8810202120;0025057751253
8810202120;9625003781345
8810230124;0025151091105
9210024133;             
9310002131;0225000011389
9310007133;9625003331307
9310008130;0025064111353
9310009136;0025040331256
9310018135;             
9310136138;0025055121325
9310157135;             
9310171138;0025173031342
9610043135;0025065311062
9610043135;0025002611409
9610043135;0000031490050
9610043135;0025059850810
9610043135;0025043261062
9610046134;0025150720974
9610052134;0025076211170
9610052134;0025076221132
9610052134;9625025341259
9610071139;0025100360680
9610071139;0025057921191
9610072135;0000049270362
9610073131;0025025870699
9610074138;0025140820640
9610074138;0026082051198
9610077137;9625019161309
9610077137;0025171711303
9610078133;0025141321345
9610079130;             
9610083137;             
9610084133;             
9610085130;             
9610086136;             
9610088139;             
