ID_ACIDENT;CADLOGA;CADLOGB;ALT_NUM;REFERENCIA;DATA;HORA;COD_ACID;FONTE;VIATURA;DP;TALAO;SENTIDO;PISTA;VEICULOS;VITIMAS;DEC;DISTRITO;FOLHA;PRINC_A;PRINC_B;PLACA1;TIPO_PLAC1;PLACA2;TIPO_PLAC2;PLACA3;TIPO_PLAC3;TIPO_ACIDE;FLAG_DUPL;NV_DUPL;DUPLACAS
D011200002;13317;;201;;01/01/2012;0816;2;D;;01;08;;;10000000000000000;0300;CT;17;0101;13317;;DSF9060;AU;;;;;CH;;;
D011200005;20418;;;NC;03/01/2012;2200;4;D;;01;67;;;00000000000000010;0100;CT;01;0101;20418;;;SI;;;;;AT;;;
D011200006;15984;;;NC;04/01/2012;1206;4;D;;01;93;;;01000000000000000;0200;CT;01;0101;15984;;DZL0681;MO;;;;;AT;;;
D011200008;17025;16744;;;07/01/2012;0641;4;D;;01;182;;;00000001000000000;0100;SI;80;0101;16744;17025;DJB5762;OU;;;;;AT;;;
D011200012;06642;;3350;;10/01/2012;1440;2;D;;01;292;C;;11000000000000000;0100;CT;09;0102;06642;;EYC8039;AU;DUV3432;MO;;;CO;;;
D011200015;19764;;;PXVD JACEGUAI;12/01/2012;0835;2;D;;01;345;;;01000000000000000;0100;VM;80;0102;19764;;EFC7567;MO;;;;;QM;;;
D011200018;11824;07335;;;16/01/2012;0805;2;D;;01;447;;;00000001000000000;0100;CT;80;0103;07335;11824;ECT1238;OU;;;;;QD;;;
D011200021;17025;;268;;23/01/2012;2121;4;D;;01;501;;;00000000000000010;0100;CT;01;0103;17025;;;SI;;;;;AT;;;
D011200025;15635;;100;;23/01/2012;0500;2;D;;01;649;;;10000000000000000;0200;CT;80;0103;15635;;DST7648;AU;;;;;CP;;;
D011200027;15984;;;NC;23/01/2012;1800;4;D;;01;694;;;00000000000000010;0100;CT;01;0103;15984;;;SI;;;;;AT;;;
D011200029;00275;;83;;24/01/2012;1417;4;D;;01;721;;;10000000000000000;0100;CT;80;0104;00275;;FAB8095;AU;;;;;AT;;;
D011200031;06642;13853;;;26/01/2012;0600;4;D;;01;754;;;10000000000000000;0100;CT;80;0104;06642;13853;ERZ7347;AU;;;;;AT;;;
D011200033;13853;06642;;;28/01/2012;0940;2;D;;01;823;;;11000000000000000;0100;CT;80;0104;06642;13853;DTE0036;AU;ANG3723;MO;;;CO;;;
D011200037;15984;;3350;;31/01/2012;0820;4;D;;01;907;;;01000000000000000;0200;CT;01;0104;15984;;DZL9088;MO;;;;;AT;;;
D011200051;17000;09276;;;01/01/2012;0440;2;D;;03;09;;;10000000000000000;0200;SA;67;0107;09276;17000;BNP7265;AU;;;;;CH;;;
D011200055;00880;;40;;07/01/2012;1333;4;D;;03;183;;;10000000000000000;0100;CT;67;0107;00880;;DZH7184;AU;;;;;AT;;;
D011200056;17633;;;PXLGO PAISSANDU;10/01/2012;2030;2;D;;03;269;;;11000000000000000;0100;CT;67;0107;17633;;CFF9474;AU;DTF8259;MO;;;CO;;;
D011200057;17000;09276;;;11/01/2012;0141;2;D;;03;280;;;10000000000000000;0100;CT;67;0107;09276;17000;DFL9179;AU;;;;;CH;;;
D011200060;17000;09276;;;20/01/2012;0545;2;D;;03;561;;;10000000000000000;0100;HG;67;0107;09276;17000;DZI1809;AU;;;;;CH;;;
D011200063;12132;;;PXPC D JOSE GAS;27/01/2012;2310;4;D;;03;783;;;01000000000000000;0100;CT;67;0108;12132;;;MO;;;;;AT;;;
D011200064;17115;09276;;;31/01/2012;2310;4;D;;03;901;;;00000000000000010;0100;CT;67;0108;09276;17115;;SI;;;;;AT;;;
D011200082;14804;;259;;19/01/2012;0411;4;D;;04;426;;;10000000000000000;0200;JD;63;0110;14804;;CMG1314;AU;;;;;AT;;;
D011200093;19764;;;NC;03/01/2012;0025;2;D;;05;42;;;10000000000000000;0100;VM;17;0112;19764;;EQY8527;AU;;;;;CH;;;
D011200101;19764;;;SBVD CONDESSA;17/01/2012;1700;2;D;;05;314;;;11000000000000000;0100;VM;17;0113;35614;;DTB8041;AU;DOU5367;MO;;;CO;;;
D011200117;06642;;3728;;21/01/2012;1430;4;D;;06;339;;;01000000000000000;0200;CT;09;0114;06642;;;MO;;;;;AT;;;
D011200316;19764;;;SBR CUBATAO;12/01/2012;1630;2;D;;36;378;;;11000000000000000;0200;VM;17;0211;19764;;;AU;EXG2202;MO;;;CL;;;
D011200318;19764;;;PXVD TUTOIA;19/01/2012;1930;2;D;;36;627;;;12000000000100000;0100;VM;17;0212;19764;;DXI5085;MO;EJO9063;MO;AQP4306;AU;CT;;;
D011200575;16744;;;NC;01/01/2012;0046;2;D;;46;250;;;20000000000000000;0100;CT;01;0325;16744;;;AU;DKG7416;AU;;;CO;;;
D011200589;01429;;17000;;22/01/2012;0358;2;D;;46;622;;;10000000000000000;0100;RV;73;0326;01429;;DWG0861;AU;;;;;CH;;;
D011200669;13014;;17000;;20/01/2012;1800;2;D;;89;517;;;01000000000000000;0100;PB;40;0336;13014;;EOI2632;MO;;;;;QM;;;
D011300005;09758;;10;;13/01/2013;1044;4;D;;01;309;C;;10000000000000000;0100;CN3;67;0101;09758;;EME3911;AU;;;;;AT;;;
D011300006;06642;13853;;;13/01/2013;1245;2;D;;01;316;;;10000000000100000;0300;CN3;80;0101;06642;13853;FFG0699;CM;CAE5689;AU;;;CO;;;
D011300011;06642;;3000;;18/01/2013;1810;4;D;;01;491;;;00000000000000010;0100;CN3;09;0102;06642;;;SI;;;;;AT;;;
D011300012;06136;;;FTAO SHOPPING;18/01/2013;1400;4;D;;01;492;;;00000000000100000;0100;CN3;80;0102;06136;;DYF1075;CM;;;;;AT;;;
D011300014;10376;;140;;22/01/2013;2221;4;D;;01;580;;;00000001000000000;0200;CN3;80;0102;10376;;CZZ5471;OU;;;;;AT;;;
D011300015;15635;;100;;23/01/2013;1310;2;D;;01;605;;;10000001000000000;0100;CN3;80;0102;15635;;DTD0577;OU;EEM4014;AU;;;CO;;;
D011300016;02795;;;PXTERMINAL BAND;23/01/2013;1740;2;D;;01;617;;;00100000000000000;0100;CN3;67;0102;02795;;EZL5865;ON;;;;;QD;;;
D011300018;16725;;268;;26/01/2013;0800;4;D;;01;676;;;10000000000000000;0100;CN3;09;0102;16725;;EFY9230;AU;;;;;AT;;;
D011300021;13317;07853;;;31/01/2013;2122;2;D;;01;806;;;10001000000000000;0200;CN3;67;0102;07853;13317;DFM0968;AU;;BI;;;CO;;;
D011300043;15323;;20;;11/01/2013;1834;4;D;;03;320;;;01000000000000000;0100;CN3;05;0105;15323;;EII8133;MO;;;;;AT;;;
D011300044;09276;10101;;;11/01/2013;2018;4;D;;03;321;;;00000001000000000;0100;CN3;67;0105;09276;10101;EZL9810;OU;;;;;AT;;;
D011300045;09276;;925;;20/01/2013;1450;2;D;;03;372;;;01001000000000000;0200;CN3;67;0105;09276;;EJO4985;MO;;BI;;;CO;;;
D011300046;16593;;;PXSEN QUEIROS;14/01/2013;1929;2;D;;03;389;;;11000000000000000;0100;CN3;09;0105;16593;;EXC9974;AU;EPM8664;MO;;;SI;;;
D011300047;16725;07204;;;21/01/2013;0740;4;D;;03;527;;;00000000000100000;0100;CN3;80;0105;07204;16725;EVM6747;CM;;;;;AT;;;
D011300049;09276;;786;;18/01/2013;2056;2;D;;03;535;;;10001000000000000;0100;CN3;67;0105;09276;;DTE4258;AU;;BI;;;CO;;;
D011300053;19996;;23;;31/01/2013;1440;4;D;;03;945;;;01000000000000000;0100;CN3;00;0106;19996;;CWY4502;MO;;;;;AT;;;
D011300063;14804;;;NC;10/01/2013;0800;2;D;;04;224;;;11000000000000000;0100;SI;63;0107;14804;;ESR3789;MO;;AU;;;CO;;;
D011300064;05245;;120;;12/01/2013;0045;2;D;;04;282;;;21000000000000000;0100;CN3;26;0108;05245;;EXH2619;MO;DYH8143;AU;EBS1278;AU;CO;;;
D011300072;05245;12132;;;18/01/2013;0750;2;D;;04;446;;;11000000000000000;0100;CN3;67;0108;05245;19996;EQS8928;MO;EQC6717;AU;;;CO;;;
D011300092;19764;;;NC;24/01/2013;1900;2;D;;05;745;;;11000000000000000;0100;SI;17;0111;19764;;FGR8225;AU;DGS3658;MO;;;CL;;;
D011300094;19764;;;SBVD CDSSA S JO;18/01/2013;1450;2;D;;05;357;;;01000000000000000;0100;SU2;17;0111;19764;;EJP1843;MO;;;;;QM;;;
D021200005;15984;;;NC;04/02/2012;0930;4;D;;01;1046;;;01000000000000000;0100;CT;01;0101;15984;;DEP0233;MO;;;;;AT;;;
D021200006;17226;19543;;;04/02/2012;1100;2;D;;01;1048;;;10000001000000000;0300;CT;80;0101;17226;19543;EPI0487;AU;EFV8268;OU;;;CO;;;
D021200007;06642;;3965;;06/02/2012;0630;2;D;;01;1059;;;11000000000000000;0100;CT;09;0101;06642;;DWU9406;MO;CRL8806;AU;;;SI;;;
D021200010;19745;;;NC;07/02/2012;1127;2;D;;01;1135;;;00001000000000000;0100;CT;80;0101;19745;;;BI;;;;;QM;;;
D021200012;13317;;10;;19/02/2012;0035;4;D;;01;1153;;;00000000000000010;0100;CT;17;0102;13317;;;SI;;;;;AT;;;
D021200016;19745;;316;;11/02/2012;1307;4;D;;01;1296;;;10000000000000000;0100;CT;80;0102;19745;;;AU;;;;;AT;;;
D021200020;05520;;100;;13/02/2012;1850;4;D;;01;1367;;;01000000000000000;0100;CT;01;0102;05520;;EXB1559;MO;;;;;AT;;;
D021200023;19764;;151;;16/02/2012;1510;4;D;;01;1501;;;10000000000000000;0100;VM;17;0102;19764;;DOL8262;AU;;;;;AT;;;
D021200027;23087;;100;;22/02/2012;1345;2;D;;01;1648;;;10000000000000000;0100;CT;06;0103;23087;;EJD4145;AU;;;;;CH;;;
D021200028;17545;;100;;22/02/2012;1701;4;D;;01;1657;;;00000001000000000;0100;CT;01;0103;17545;;DTB7550;OU;;;;;AT;;;
D021200031;19764;;40;;27/02/2012;1930;2;D;;01;1836;;;11000000000000000;0100;VM;17;0103;19764;;DUP3410;AU;;MO;;;CO;;;
D021200040;06642;13853;;;11/02/2012;1940;4;D;;01;987;;;01000000000000000;0100;CT;80;0104;06642;13853;EJN2515;MO;;;;;AT;;;
D021200041;06642;;3550;;11/02/2012;2014;4;D;;01;991;;;10000000000000000;0100;CT;09;0104;06642;;EBZ3248;AU;;;;;AT;;;
D021200064;00700;;;PXPOUPATEMPO;10/02/2012;2055;2;D;;03;1168;;;10000000000000000;0100;CT;67;0107;00700;;EZF4687;AU;;;;;CH;;;
D021200066;05380;;87;;27/02/2012;1247;4;D;;03;1404;;;01000000000000000;0100;CT;67;0107;05380;;EOZ3507;MO;;;;;AT;;;
D021200067;16593;;454;;28/02/2012;0920;2;D;;03;1422;;;11000000000000000;0100;CT;09;0107;16593;;EBZ9931;AU;EHF6995;MO;;;CT;;;
D021200070;16861;;;NC;02/02/2012;1312;2;D;;03;801;;;10001000000000000;0100;CT;07;0107;16861;;;AU;;BI;;;CO;;;
D021200074;16593;;450;;04/02/2012;0322;2;D;;03;982;B;;20000000000000000;0100;CT;09;0108;16593;;EKQ6733;AU;CLL3904;AU;;;CT;;;
D021200075;14804;;32;;09/02/2012;0910;2;D;;03;996;B;;21000000000000000;0100;JD;63;0108;14804;;EXF5236;MO;EMM9356;AU;DES6325;AU;CO;;;
D021200105;19764;;;PXHOSP B PORTU;27/02/2012;1715;2;D;;05;1154;;;02000000000000000;0200;VM;17;0112;19764;;DYX0181;MO;CSU0992;MO;;;QM;;;
D021200108;19764;;;PXVD JACEGUAI;29/02/2012;1127;2;D;;05;1206;;;01000000000100000;0100;VM;17;0112;19764;;CZZ3566;CM;DLW4311;MO;;;CT;;;
D021200109;14810;;;NC;17/02/2012;2049;2;D;;05;1232;C;;11000000000000000;0100;CT;67;0112;14810;;EZC1647;AU;DZS8249;MO;;;CT;;;
D021200713;16878;;17000;;15/02/2012;0810;2;D;;75;528;;;01000000000100000;0100;RV;13;0334;16878;;EDM3427;CM;DJW1627;MO;;;CO;;;
D021200857;14270;;17000;;15/02/2012;2119;2;D;;19;1615;;;10001000000000000;0100;TT;00;0407;29772;;DNI2063;AU;;BI;;;CO;;;
D021201959;06642;;3350;;22/02/2012;1340;2;D;;01;544;;;01010000000000000;0101;CT;09;0006;06642;;EQP7376;MO;DBB0913;CA;;;CL;;;
D021300001;04342;02561;;;15/02/2013;1204;4;D;;01;273;;;00000000000100000;0100;CN3;80;0101;02561;04342;FEW9601;CM;;;;;AT;;;
D021300003;06136;16725;;;02/02/2013;0911;2;D;;01;623;;;11000000000000000;0200;CN3;80;0101;06136;16725;EPL6405;AU;DZO3840;MO;;;CO;;;
D021300007;16725;;402;;01/02/2013;0450;4;D;;01;836;;;00000001000000000;0100;CN3;09;0101;16725;;EZL1366;OU;;;;;AT;;;
D021300010;19764;;232;;02/02/2013;2345;2;D;;01;861;;;01010000000000000;0100;CN3;17;0102;19764;;EQP3734;MO;CTC0138;CA;;;CT;;;
D021300011;10376;;;FTFORUM CIVIL;05/02/2013;1045;4;D;;01;972;;;01000000000000000;0100;CN3;80;0102;10376;;;MO;;;;;AT;;;
D021300014;06642;;3001;;09/02/2013;0600;2;D;;01;1101;;;20000000000000000;0100;CN3;09;0102;06642;;BXK0277;AU;DBQ1943;AU;;;SI;;;
D021300016;18556;01454;;;13/02/2013;1400;4;D;;01;1184;;;10000000000000000;0100;CN3;80;0103;07664;10376;FCB3128;AU;;;;;AT;;;
D021300017;19543;;2;;14/02/2013;1405;4;D;;01;1226;;;00000001000000000;0100;CN3;01;0103;03385;;ELW2970;OU;;;;;AT;;;
D021300019;10376;;;FTFORUM CIVIL;26/02/2013;0840;4;D;;01;1248;;;10000000000000000;0100;CN3;80;0103;10376;;DRO9052;AU;;;;;AT;;;
D021300021;03209;;64;;19/02/2013;1949;4;D;;01;1287;;;10000000000000000;0100;CN3;80;0103;03209;;DPX0538;AU;;;;;AT;;;
D021300022;13853;04146;;;21/02/2013;1235;2;D;;01;1455;;;11000000000000000;0100;CN3;80;0103;04146;16725;CTN9786;MO;DXA5695;AU;;;CO;;;
D021300024;06642;15984;;;23/02/2013;1115;2;D;;01;1506;;;11000000000000000;0100;CN3;80;0103;06642;15984;DFC2515;MO;DTZ0041;AU;;;SI;;;
D021300025;19764;;;ACNOVE DE JUNHO;23/02/2013;1500;2;D;;01;1518;;;11000000000000000;0200;CN3;17;0103;19764;;DYS2917;MO;ETZ0222;AU;;;SI;;;
D021300026;06642;13853;;;25/02/2013;0635;4;D;;01;1538;;;10000000000000000;0100;CN3;80;0104;06642;13853;DOC8935;AU;;;;;AT;;;
D021300027;06642;;3835;;26/02/2013;0740;4;D;;01;1580;;;01000000000000000;0100;CN3;09;0104;06642;;DVE0576;MO;;;;;AT;;;
D021300028;06642;;3113;;26/02/2013;0948;4;D;;01;1587;;;01000000000000000;0100;CN3;09;0104;06642;;ESM0758;MO;;;;;AT;;;
D021300030;13853;;544;;26/02/2013;1400;2;D;;01;1597;;;11000000000000000;0100;CN3;09;0104;13853;;BRW9315;MO;EFW2269;AU;;;CO;;;
D021300031;06642;;3350;;27/02/2013;1448;4;D;;01;1652;;;00000000000100000;0100;CN3;09;0104;06642;;DWT2253;CM;;;;;AT;;;
D021300035;19764;;2;;28/02/2013;1900;4;D;;01;1704;;;01000000000000000;0100;CN3;17;0104;19764;;DOB9244;MO;;;;;AT;;;
D021300076;19764;;;NC;01/02/2013;1217;2;D;;05;613;;;11000000000000000;0100;SI;17;0110;19764;;CTT9425;MO;JGH2183;AU;;;CT;;;
D021300077;19764;;;NC;01/02/2013;1520;2;D;;05;617;;;01000000000000000;0100;SI;17;0110;19764;;EXL0327;MO;;;;;QM;;;
D021300322;19764;;70;;04/02/2013;1222;2;D;;36;566;;;11000000000000000;0100;CN3;17;0215;19764;;EII6855;MO;EDR1150;AU;;;CL;;;
D021300332;19764;;;PXVD.EUCLIDES F;19/02/2013;1433;2;D;;36;782;B;;01000000000000000;0100;SU2;17;0216;06738;;FAY9281;MO;;;;;QM;;;
D021301813;19543;03387;;;14/02/2013;1648;4;D;;77;707;;;00100000000000000;0001;CN3;80;0002;03387;19543;;ON;;;;;AT;;;
D031200008;01521;09758;;;12/03/2012;0430;2;D;;01;1689;;;10000000000000000;0100;CT;67;0101;01521;09758;EZI7587;AU;;;;;CH;;;
D031200009;19764;;100;;17/03/2012;2120;2;D;;01;1819;;;01000000000100000;0100;VM;17;0101;19764;;ELE3328;CM;EXK5027;MO;;;CL;;;
D031200010;19764;;;PXAV RADIAL LES;18/03/2012;0950;2;D;;01;1826;;;10000000000000000;0100;VM;17;0101;19764;;EEM2647;AU;;;;;CH;;;
D031200011;16725;19745;;;19/03/2012;0355;2;D;;01;1847;;;10001000000000000;0100;VM;80;0101;16725;19745;EZL0407;AU;;BI;;;CO;;;
D031200014;15635;12165;;;24/03/2012;0240;2;D;;01;1976;;;10000000000000000;0100;CT;80;0102;02398;12165;EDM6761;AU;;;;;CH;;;
D031200019;06642;;3500;;29/03/2012;0130;2;D;;01;2119;;;00000000000100000;0100;CT;09;0102;06642;;ENL8631;CM;;;;;CH;;;
D031200023;06642;;3350;;10/03/2012;0700;2;D;;01;2257;;;11000000000000000;0200;CT;09;0102;06642;;CYJ7325;AU;EKJ3189;MO;;;CT;;;
D031200028;06642;;3100;;20/03/2012;1445;4;D;;01;2604;;;01000000000000000;0100;CT;09;0104;06642;;;MO;;;;;AT;;;
D031200029;19745;;100;;23/03/2012;1540;4;D;;01;2759;;;00000000000100000;0100;CT;80;0104;19745;;EZL4992;CM;;;;;AT;;;
D031200035;19764;;;PXVD PEDROSO;27/03/2012;1740;2;D;;01;3687;;;11000000000000000;0100;VM;17;0104;19764;;;AU;LDD4949;MO;;;CO;;;
D031200058;16593;;;NC;26/03/2012;1830;2;D;;02;2059;;;02000000000000000;0300;CT;09;0106;16593;;EXF9343;MO;DOI0063;MO;;;CO;;;
D031200068;10101;09276;;;04/03/2012;0540;4;D;;03;1772;;;10000000000000000;0100;CT;67;0108;09276;10101;;AU;;;;;AT;;;
D031200069;16725;;640;;15/03/2012;1800;4;D;;03;1939;;;01000000000000000;0100;CT;09;0108;16725;;DAB3309;MO;;;;;AT;;;
D031200070;17633;15323;;;16/03/2012;1100;2;D;;03;1958;;;01000000000000000;0100;CT;67;0108;15323;17633;EQP3785;MO;;;;;QM;;;
D031200071;16593;;120;;19/03/2012;2014;2;D;;03;2042;B;;01000000000000000;0100;CT;09;0108;16593;;ESG7581;MO;;;;;QM;;;
D031200072;15323;;407;;20/03/2012;0937;2;D;;03;2056;B;;00000002000000000;0100;CT;05;0108;15323;;ELW8538;OU;DTE0247;OU;;;CH;;;
D031200077;12132;05245;;;21/03/2012;0120;2;D;;03;2221;;;11000000000000000;0100;HG;67;0109;05245;19996;EQS5650;MO;FEH8118;AU;;;CO;;;
D031200085;09276;;1248;;30/03/2012;1019;4;D;;03;2380;;;00000000000100000;0100;CT;67;0110;09276;;GEF0074;CM;;;;;AT;;;
D031200102;05245;;;PXCEMITERIO;28/03/2012;1030;2;D;;04;2484;C;;02000000000000000;0100;SI;26;0112;05245;;DZS4066;MO;EQE8588;MO;;;QM;;;
D031200109;12165;;;NC;10/03/2012;1035;4;D;;05;1429;B;;00000001000000000;0100;SI;07;0113;12165;;DTC3074;OU;;;;;AT;;;
D031200111;12165;;;PXHOSP DA MULHE;15/03/2012;2130;4;D;;05;1586;;;01000000000000000;0200;SI;07;0113;12165;;EII1566;MO;;;;;AT;;;
D031200113;19764;;;PXVD CDSSA S JO;20/03/2012;1057;2;D;;05;1635;;;11000000000000000;0100;VM;17;0113;35614;;DYZ3140;MO;EES8495;AU;;;CT;;;
D031200121;12165;;;NC;19/03/2012;2215;2;D;;05;2086;;;11000000000000000;0100;SI;07;0114;12165;;EHS3323;MO;;AU;;;CO;;;
D031200404;19764;;;PXPARAISO;15/03/2012;2240;2;D;;36;1381;B;;01000000000000000;0100;VM;17;0218;19764;;DWU9638;MO;;;;;QM;;;
D031200418;19764;;;PXVD TUTOIA;10/03/2012;1310;2;D;;36;754;;;01010000000000000;0100;VM;17;0219;19764;;EVL2729;CA;DZP0454;MO;;;CH;;;
D031200421;19764;;;PXVD STA GENERO;20/03/2012;1643;2;D;;36;855;;;20000000000000000;0100;VM;17;0219;43106;;EEG6858;AU;EQZ2816;AU;;;CO;;;
D031201608;06238;;17000;;07/03/2012;0913;2;D;;11;972;;;02000000000000000;0200;PB;90;0601;13014;;AZQ3240;MO;DZQ3240;MO;;;SI;;;
D031202342;13853;06642;;;04/03/2012;0015;2;D;;08;1457;;;20000000000000000;0301;TT;80;0004;06642;13853;DJP4129;AU;ERK6388;AU;;;CV;;;
D031300003;05111;;;NC;02/03/2013;1827;4;D;;01;1561;;;10000000000000000;0100;CN3;80;0101;05111;;DVK7361;AU;;;;;AT;;;
D031300007;06642;;3001;;01/03/2013;1700;4;D;;01;1742;;;01000000000000000;0100;CN3;09;0101;06642;;DNR3495;MO;;;;;AT;;;
D031300010;07610;;;PX TABATINGUERA;12/03/2013;2100;2;D;;01;1848;B;;11000000000000000;0100;CN3;80;0101;07610;18556;EX5449;MO;BFG0526;AU;;;CO;;;
D031300011;17545;;100;;06/03/2013;1800;2;D;;01;1865;;;11000000000000000;0100;CN3;01;0101;17545;;ECI8561;MO;FAG9952;AU;;;CO;;;
D031300012;19764;;;PX PCA.BANDEIRA;05/03/2013;2300;4;D;;01;1893;;;10000000000000000;0100;CN3;80;0102;15261;17025;;AU;;;;;AT;;;
D031300014;06642;;3000;;05/03/2013;0500;4;D;;01;1951;;;10000000000000000;0100;CN3;09;0102;06642;;;AU;;;;;AT;;;
D031300015;06642;;3000;;12/03/2013;1000;2;D;;01;2053;;;11000000000000000;0100;CN3;09;0102;06642;;AOK8374;MO;DQV8842;AU;;;CO;;;
D031300016;19543;;54;;13/03/2013;1505;4;D;;01;2092;;;00000000000100000;0100;CN3;01;0102;19543;;EJL9911;CM;;;;;AT;;;
D031300019;03403;;314;;15/03/2013;1750;4;D;;01;2175;;;00001000000000000;0100;CN3;80;0102;03403;;;BI;;;;;AT;;;
D031300020;05111;;351;;13/03/2013;1110;2;D;;01;2212;;;00000001000000000;0100;CN3;80;0102;05111;;DTB6820;OU;;;;;QD;;;
D031300021;17545;;89;;18/03/2013;1540;4;D;;01;2222;;;10000000000000000;0100;CN3;01;0102;17545;;ELW5072;AU;;;;;AT;;;
D031300023;19745;;100;;18/03/2013;1900;4;D;;01;2227;;;00000000000100000;0100;CN3;80;0102;19745;;FAB1167;CM;;;;;AT;;;
D031300026;11824;;119;;20/03/2013;1100;4;D;;01;2293;;;01000000000000000;0100;CN3;80;0103;11824;;EHT2064;MO;;;;;AT;;;
D031300030;15984;;900;;21/03/2013;0800;4;D;;01;2328;;;00000000000100000;0100;CN3;01;0103;15984;;DMT1473;CM;;;;;AT;;;
D031300031;01521;09758;;;21/03/2013;1900;2;D;;01;2353;;;11000000000000000;0100;CN3;67;0103;01521;09758;ESE3273;MO;FAK5146;AU;;;CF;;;
D031300033;19764;;2;;25/03/2013;1300;2;D;;01;2425;;;11000000000000000;0100;CN3;17;0103;19764;;CFY0513;MO;FAO7277;AU;;;CO;;;
D031300034;17025;16744;;;27/03/2013;1615;4;D;;01;2493;;;01000000000000000;0100;CN3;80;0103;16744;17025;EXC9920;MO;;;;;AT;;;
D031300041;16593;;250;;01/03/2013;0832;2;D;;02;1204;;;20000000000000000;0300;CN3;09;0105;16593;;EQW3808;AU;DUL9737;AU;;;CO;;;
D031300064;09276;10101;;;14/03/2013;1800;2;D;;03;1483;;;01000000000000000;0100;CN3;67;0107;09276;10101;DRY2908;MO;;;;;QM;;;
D031300065;98795;;;NC;15/03/2013;2246;2;D;;03;1505;;;20000000000000000;0200;CN3;67;0107;98795;;DVA2686;AU;FAM8534;AU;;;CO;;;
D031300068;09276;09543;;;21/03/2013;0800;2;D;;03;1643;C;;01000000000000000;0100;CN3;67;0107;09276;09543;ESE6531;MO;;;;;QM;;;
D031300069;04541;;465;;04/03/2013;1730;4;D;;03;1879;;;10000000000000000;0100;CN3;67;0107;04541;;HJG5690;AU;;;;;AT;;;
D031300070;19759;;77;;12/03/2013;1500;2;D;;03;2108;;;10000000000000000;0100;CN3;67;0107;19759;;EUW5710;AU;;;;;CO;;;
D031300072;19996;;100;;20/03/2013;1217;4;D;;03;2333;B;;01000000000000000;0100;CN3;00;0108;19996;;EJQ7706;MO;;;;;AT;;;
D031300074;15323;;70;;26/03/2013;1745;4;D;;03;2503;;;00000001000000000;0100;CN3;05;0108;15323;;DTA8127;OU;;;;;AT;;;
D031300075;05245;12132;;;31/03/2013;1445;2;D;;03;2515;;;11000000000000000;0100;CN3;67;0108;05245;19996;DZL7356;MO;NRV1412;AU;;;CO;;;
D031300076;14804;;;PXTR.BANDEIRA;28/03/2013;0830;2;D;;03;2530;;;01000000000000010;0100;CN3;63;0108;14804;;ESR6974;MO;;SI;;;CO;;;
D031300077;19764;;;NC;11/03/2013;1400;2;D;;03;2572;;;01000000000000000;0100;SI;17;0108;19764;;EXF4207;MO;;;;;QM;;;
D031300096;05245;12132;;;26/03/2013;1729;4;D;;04;2264;;;00000001000000000;0100;CN3;67;0110;05245;19996;DTC8194;OU;;;;;AT;;;
D031300111;19764;;;DPVD PEDROSO;06/03/2013;0700;2;D;;05;1279;;;11000000000000000;0100;SU2;17;0112;19764;;EUX5954;AU;;MO;;;CO;;;
D031300115;19764;;;ACMAESTRO CARDI;08/03/2013;1200;2;D;;05;1324;;;11000000000000000;0100;SU2;17;0112;19764;;DVV9139;MO;EQN5171;AU;;;CO;;;
D031300125;19764;;;NC;08/03/2013;1720;2;D;;05;1850;;;11000000000000000;0100;SI;17;0114;19764;;EXD3881;MO;DRE4311;AU;;;CL;;;
D031300127;19764;;;NC;14/03/2013;1654;2;D;;05;2031;;;11000000000000000;0100;SI;17;0114;19764;;FAF1380;MO;EPK2732;AU;;;CO;;;
D031300173;06642;;3000;;05/03/2013;0400;4;D;;08;1627;;;00010000000000000;0100;CN3;09;0119;06642;;;CA;;;;;AT;;;
D031300251;10101;;248;;13/03/2013;2250;4;D;;77;1457;B;;01000000000000000;0100;CN3;67;0128;10101;;EHT3665;MO;;;;;AT;;;
D031300418;19764;;;KM3,5;11/03/2013;1630;2;D;;36;717;C;;21000000000000000;0100;SU2;17;0220;19764;;EFW8400;AU;EUH4889;AU;DUP3082;MO;CO;;;
D031300420;19764;;;NC;01/03/2013;1816;2;D;;36;955;C;;01000000000000000;0100;SI;17;0220;19764;;EIE5090;MO;;;;;QM;;;
D031300431;19764;;;PXVD.TUTOIA;22/03/2013;1842;2;D;;36;1315;;;11000000000000000;0200;SU2;17;0221;19764;;DSS5997;AU;EXF6219;MO;;;CO;;;
D031300440;19764;;;PXCOMPLEXO VIAR;06/03/2013;0945;2;D;;36;1791;;;11000000000000000;0100;SU2;17;0222;19764;;EII2413;MO;EKK7945;AU;;;CO;;;
D031300448;19764;;;PXR.CARAVELAS;27/03/2013;0710;2;D;;36;4017;;;11000000000000000;0100;SU2;17;0222;19764;;LLK3362;MO;EMY7144;AU;;;CO;;;
D041200001;05111;;1;;01/04/2012;1716;4;D;;01;2210;C;;01000000000000000;0100;CT;80;0001;05111;;DZL4231;MO;;;;;AT;;;
D041200003;15984;;80;;06/04/2012;0059;4;D;;01;2333;;;00000000000000010;0100;CT;01;0001;15984;;;SI;;;;;AT;;;
D041200004;15984;;;PXR LOUSADA;10/04/2012;1855;4;D;;01;2467;;;10000000000000000;0100;CT;01;0001;15984;;EQH7247;AU;;;;;AT;;;
D041200005;06642;;3000;;19/04/2012;1920;4;D;;01;2680;;;10000000000000000;0100;CT;09;0001;06642;;FAL1550;AU;;;;;AT;;;
D041200006;10376;;;NC;02/04/2012;0845;4;D;;01;3042;;;10000000000000000;0100;CT;80;0001;10376;;FBX3474;AU;;;;;AT;;;
D041200009;17545;;10;;17/04/2012;1230;4;D;;01;3597;;;10000000000000000;0100;CT;01;0001;17545;;EHX8924;AU;;;;;AT;;;
D041200010;13317;;136;;19/04/2012;1848;4;D;;01;3711;;;01000000000000000;0100;CT;17;0001;13317;;DTN6788;MO;;;;;AT;;;
D041200020;19996;;125;;02/04/2012;1915;4;D;;03;2571;;;00000001000000000;0100;CT;00;0001;19996;;EZL9973;OU;;;;;AT;;;
D041200022;10101;09276;;;19/04/2012;0930;4;D;;03;2911;;;01000000000000000;0100;CT;67;0001;09276;10101;DXM2913;MO;;;;;AT;;;
D041200024;17000;09276;;;18/04/2012;2120;4;D;;03;3063;;;00000001000000000;0100;CT;67;0001;09276;17000;EZL5866;OU;;;;;AT;;;
D041200106;19764;;;ACVD GAL MARCON;27/04/2012;1115;4;D;;36;1328;;;10000000000000000;0100;VM;17;0001;19764;;AEC8088;AU;;;;;AT;;;
D041200579;19764;;151;;28/04/2012;2259;4;D;;08;2875;C;;01000000000000000;0101;VM;17;0001;19764;;EXE3550;MO;;;;;AT;;;
D041200597;01003;;200;;07/04/2012;2310;2;D;;01;2366;;;11000000000000000;0100;CT;67;0101;01003;;EMC6933;AU;CFV8696;MO;;;CO;;;
D041200603;19764;;;PXVD DONA PAULI;11/04/2012;1142;2;D;;01;3379;;;10000000000000000;0100;VM;17;0102;19764;;FJC0025;AU;;;;;CH;;;
D041200604;13317;;100;;11/04/2012;1610;2;D;;01;3389;;;11000000000000000;0100;CT;17;0102;13317;;DVE7251;MO;EQK0784;AU;;;CO;;;
D041200606;16725;;600;;14/04/2012;0700;2;D;;01;3501;;;11000000000000000;0100;CT;09;0102;16725;;EJB6894;AU;DRY4587;MO;;;CO;;;
D041200612;13317;;67;;27/04/2012;1453;2;D;;01;3995;;;11000000000000000;0100;CT;17;0103;13317;;;AU;EJP6140;MO;;;CO;;;
D041200631;19996;;;NC;03/04/2012;1100;2;D;;03;1523;;;11000000000000000;0100;CT;;0107;19996;;FER2327;AU;EXC0775;MO;;;CO;;;
D041200632;04541;;144;;02/04/2012;1700;2;D;;03;2463;;;11000000000000000;0100;CT;67;0107;04541;;EIS3548;AU;EKC8790;MO;;;CO;;;
D041200633;99464;;;PXAV PRESTES MA;03/04/2012;0845;2;D;;03;2477;;;02000000000000000;0100;CT;67;0107;99464;;DPH2050;MO;DOB3161;MO;;;CO;;;
D041200635;05245;12132;;;08/04/2012;1935;2;D;;03;2726;;;20000000000000000;0200;CT;67;0107;05245;19996;FUN0212;AU;CCZ9903;AU;;;CO;;;
D041200636;19017;16725;;;25/04/2012;1145;2;D;;03;3095;;;11000000000000000;0100;CT;67;0108;16725;19017;DUD0614;AU;DYZ5393;MO;;;CL;;;
D041200638;16593;;315;;27/04/2012;1313;2;D;;03;3142;;;10000000000100000;0100;CT;09;0108;16593;;DSZ7239;AU;DMR3271;CM;;;CO;;;
D041200639;07281;;20;;13/04/2012;2230;2;D;;03;3334;;;00000000000100000;0100;CT;67;0108;07281;;HLC6532;CM;;;;;CH;;;
D041200655;19764;;;SBVD BENEFICIEN;03/04/2012;1853;2;D;;05;1979;;;11000000000000000;0200;VM;17;0112;19764;;DZD1455;AU;DZQ6631;MO;;;CT;;;
D041200658;19764;;;PXVD CONDESSA;05/04/2012;1500;2;D;;05;2032;B;;11000000000000000;0100;VM;17;0112;61292;;EUX1275;AU;DZL8284;MO;;;CO;;;
D041200662;19764;;;NC;20/04/2012;1850;2;D;;05;2328;;;21000000000000000;0100;VM;17;0113;19764;;EQB2766;AU;EQE3796;MO;MLX0105;AU;CT;;;
D041200664;19764;;;PXVD CDSSA DE S;27/04/2012;0819;2;D;;05;2451;;;11000000000100000;0200;VM;17;0113;35614;;ENV3758;AU;EUN8406;CM;BPS5158;MO;CO;;;
D041200765;14804;;;NC;19/04/2012;1500;2;D;;78;3314;;;00000000000200000;0100;SI;63;0130;14804;;FFR1405;CM;EBN0822;CM;;;CO;;;
D041200851;19764;;210;;17/04/2012;0900;2;D;;36;1439;;;01000000000000000;0100;VM;17;0212;19764;;DAC4306;MO;;;;;QM;;;
D041200854;19764;;;NC;05/04/2012;1740;2;D;;36;2326;;;11000000000000000;0100;VM;17;0213;19764;;EKO6851;AU;EJN6307;MO;;;CO;;;
D041300001;07610;;;PXBOM PRATO;04/04/2013;1730;4;D;;01;1840;;;00100000000000000;0100;CN3;80;0101;07610;;;ON;;;;;AT;;;
D041300003;16725;;583;;06/04/2013;0010;2;D;;01;2492;;;10000000000000000;0200;CN3;67;0101;16725;;DNE4103;AU;;;;;CP;;;
D041300012;13853;;500;;01/04/2013;0941;4;D;;01;2922;;;10000000000000000;0100;CN3;80;0101;13853;;CSI2818;AU;;;;;AT;;;
D041300014;19745;;;PXPC.FERNANDO C;11/04/2013;1151;4;D;;01;2974;;;10000000000000000;0100;CN3;80;0102;19745;;;AU;;;;;AT;;;
D041300015;04342;;523;;11/04/2013;1400;4;D;;01;2980;;;00000000000100000;0100;CN3;80;0102;04342;;EJZ5185;CM;;;;;AT;;;
D041300021;16725;;484;;13/04/2013;1730;4;D;;01;3079;;;20000000000000000;0100;CN3;67;0102;16725;;DLB4329;AU;DRO5712;AU;;;AT;;;
D041300022;13317;;270;;17/04/2013;1440;4;D;;01;3148;;;10000000000000000;0100;CN3;67;0102;13317;;ELQ3199;AU;;;;;AT;;;
D041300023;15984;;928;;18/04/2013;0612;4;D;;01;3164;;;10000000000000000;0100;CN3;80;0102;15984;;DIE4719;AU;;;;;AT;;;
D041300029;13317;;161;;24/04/2013;1600;4;D;;01;3378;;;10000000000000000;0100;CN3;67;0103;13317;;EMT5486;AU;;;;;AT;;;
D041300030;19827;;;NC;26/04/2013;1510;2;D;;01;3436;;;11000000000000000;0100;CN3;80;0103;19827;;EJP1146;MO;CRI9889;AU;;;CO;;;
D041300058;16593;;;NC;13/04/2013;0900;2;D;;02;3668;C;;10100000000000000;0100;CN3;67;0106;16593;;EZL1171;AU;;ON;;;CT;;;
D041300060;00880;;164;;05/04/2013;0920;2;D;;03;1001;;;11000000000000000;0100;CN3;67;0107;00880;;DYY6505;MO;FAM9766;AU;;;SI;;;
D041300061;19764;;;TN ANHANGABAU;01/04/2013;2300;2;D;;03;1834;;;11000000000000000;0100;CN3;80;0107;19764;;EFK0756;MO;FAY9359;AU;;;CO;;;
D041300062;19764;;60;;04/04/2013;1830;2;D;;03;1860;;;11000000000000000;0100;CN3;80;0107;19764;;FAY9356;MO;HNB4234;AU;;;CT;;;
D041300064;09276;17115;;;04/04/2013;2222;4;D;;03;1888;;;00000000000000010;0100;CN3;67;0107;09276;17115;;SI;;;;;AT;;;
D041300067;16593;;241;;18/04/2013;1820;2;D;;03;2207;;;21000000000000000;0100;CN3;67;0107;16593;;EGY6499;MO;EMC9070;AU;EJK5722;AU;CL;;;
D041300068;16861;;131;;21/04/2013;1615;4;D;;03;2286;;;00000000000000010;0100;CN3;67;0107;16861;;;SI;;;;;AT;;;
D041300070;00700;;;PXGARAGEM DO GA;23/04/2013;1949;4;D;;03;2339;;;10000000000000000;0100;CN3;67;0107;00700;;CDV7467;AU;;;;;AT;;;
D041300071;19764;;;NC;23/04/2013;2300;2;D;;03;2340;;;01010000000000000;0100;SI;SI;0108;19764;;EXA8689;MO;;CA;;;CT;;;
D041300072;16725;;100;;29/04/2013;2103;4;D;;03;2492;;;01000000000000000;0100;CN3;67;0108;16725;;DOB1668;MO;;;;;AT;;;
D041300073;12132;;192;;03/04/2013;0955;2;D;;03;2666;;;01000000000000010;0100;CN3;67;0108;12132;;DRY5617;MO;;SI;;;CT;;;
D041300075;04831;;15;;04/04/2013;0926;2;D;;03;2713;;;11000000000000000;0100;CN3;67;0108;04831;;EBL5683;AU;EQE8690;MO;;;CF;;;
D041300079;16593;;;NC;16/04/2013;1540;2;D;;03;3119;;;01000000000100000;0100;CN3;67;0108;16593;;FDI1830;MO;EYW7840;CM;;;SI;;;
D041300081;12132;;334;;30/04/2013;0920;4;D;;03;3510;;;00000000000100000;0100;CN3;67;0108;12132;;FES0510;CM;;;;;AT;;;
D041300084;14804;;;PXPONTO 14 BIS;11/04/2013;1830;2;D;;03;4008;;;00100000000000000;0100;SO1;07;0109;14804;;;ON;;;;;QD;;;
D041300094;05245;;10;;03/04/2013;2115;2;D;;04;2611;;;11000000000000000;0100;CN3;67;0111;05245;;CMW9373;AU;DOA5343;MO;;;CO;;;
D041300110;05245;;;ACLIG LESTE-OES;26/04/2013;0825;2;D;;04;3041;;;02000000000000000;0200;CN3;67;0112;05245;;FDQ0197;MO;;MO;;;CO;;;
D041300116;05245;13632;;;20/04/2013;0400;2;D;;04;3167;;;10000000000000010;0100;CN3;67;0113;05245;19996;DUP0762;AU;;SI;;;CO;;;
D041300145;19764;;;PXVD.PEDROSO;27/04/2013;0834;2;D;;05;3418;;;12000000000000000;0300;SU2;49;0116;19764;;FAP5320;MO;EWG5954;MO;DFG1807;AU;CO;;;
D041300146;02398;;;NC;27/04/2013;1846;2;D;;05;3444;;;11000000000000000;0100;CN3;80;0116;02398;;EXR6703;MO;DST4337;AU;;;CO;;;
D041300148;14810;;;NC;30/04/2013;1820;2;D;;05;3543;;;20000000000000000;0100;CN3;67;0116;14810;;FCB1088;AU;FEY4926;AU;;;CT;;;
D041300437;19764;;;SBVD BERNADINO;01/04/2013;1630;2;D;;36;1461;;;11000000000000000;0100;SU2;92;0215;03274;19764;CDQ9767;AU;DYX2063;MO;;;CT;;;
D041300448;19764;;;PXVD.TUTOIA;11/04/2013;0530;2;D;;36;1615;;;01000000000100000;0200;SU2;92;0215;18884;;ETO5902;CM;EOZ3152;MO;;;CO;;;
D041300454;19764;;;PXVD.GAL.MARCON;17/04/2013;1630;2;D;;36;1730;C;;01000000000000000;0100;SU2;53;0216;19385;;FAF2639;MO;;;;;QM;;;
D041300470;19764;;10;;27/04/2013;1308;2;D;;36;4393;;;32000000000100000;0100;CN3;80;0218;19764;;EUS7018;CM;CTC2835;AU;KZS8833;AU;CT;;;
D041300474;19764;;;PXMETRO PARAISO;17/04/2013;0715;2;D;;36;5073;;;01000000000100000;0100;SU2;92;0218;19764;;FAI5005;CM;DII7786;MO;;;CO;;;
D041302211;16593;;;SDTUNEL ANHANGA;05/04/2013;2325;4;D;;02;1889;B;;00100000000000000;0001;CN3;67;0004;16593;;ELW2980;ON;;;;;AT;;;
D041302215;19764;;;PXVD.PEDROSO;08/04/2013;2220;4;D;;78;2807;;;01000000000000000;0101;SU2;49;0004;19764;;FAY7501;MO;;;;;AT;;;
D041302271;14810;;;NC;27/04/2013;0635;4;D;;05;2439;;;00000000000000010;0001;CN3;67;0010;14810;;;SI;;;;;AT;;;
D051200002;19764;;100;;07/05/2012;0725;4;D;;01;4259;;;01000000000000000;0100;VM;17;0101;19764;;;MO;;;;;AT;;;
D051200006;15984;;;NC;12/05/2012;1750;4;D;;01;3195;;;00000000000000010;0100;CT;01;0101;15984;;;SI;;;;;AT;;;
D051200012;13853;12215;;;05/05/2012;0250;2;D;;01;3002;;;10010000000000000;0100;CT;80;0102;06642;13853;EBW9508;AU;DIP9529;CA;;;CO;;;
D051200015;19764;;;PXR JOSE BONIFA;12/05/2012;2335;2;D;;01;3197;B;;01000000000000000;0200;VM;17;0102;19764;;DZN4796;MO;;;;;QM;;;
D051200016;16744;17025;;;14/05/2012;2154;4;D;;01;3251;;;10000000000000000;0100;VM;80;0102;16744;17025;ELQ4201;AU;;;;;AT;;;
D051200020;01454;18556;;;27/05/2012;2230;2;D;;01;3614;;;10000000000100000;0300;IP;80;0104;07664;10376;EXS3408;CM;DXB5470;AU;;;SI;;;
D051200035;13853;;994;;14/05/2012;1111;2;D;;01;4507;;;01000000000100000;0100;CT;09;0105;13853;;EYF2043;CM;BPS0532;MO;;;CT;;;
D051200036;16725;07204;;;15/05/2012;0530;4;D;;01;4526;;;01000000000000000;0100;CT;80;0105;07204;16725;FAL6789;MO;;;;;AT;;;
D051200040;19764;;100;;17/05/2012;1505;4;D;;01;4616;;;01000000000000000;0200;VM;17;0105;19764;;DYY3021;MO;;;;;AT;;;
D051200041;11824;;190;;19/05/2012;1700;4;D;;01;4673;;;10000000000000000;0100;CT;80;0106;11824;;CTI7401;AU;;;;;AT;;;
D051200043;19764;;;PXR CDSSA S JOA;12/05/2012;1300;2;D;;01;4792;;;11000000000000000;0100;VM;17;0106;19764;;DHU9077;AU;DKJ7683;MO;;;CO;;;
D051200046;10376;;42;;24/05/2012;1250;2;D;;01;4818;;;11000000000000000;0100;CT;80;0106;10376;;EGO8042;AU;DZQ0202;MO;;;CO;;;
D051200047;06933;;100;;24/05/2012;1415;2;D;;01;4828;;;01000000000000000;0100;CT;80;0106;06933;;DRV5261;MO;;;;;QM;;;
D051200049;05111;;;NC;25/05/2012;0620;2;D;;01;4872;;;00000001000000000;0100;CT;80;0106;05111;;;OU;;;;;QD;;;
D051200051;19745;;197;;28/05/2012;1223;2;D;;01;4911;;;02000000000000000;0100;CT;80;0106;19745;;EQD5449;MO;DVH2780;MO;;;CO;;;
D051200052;19745;;1000;;28/05/2012;1100;4;D;;01;4616;;;10000000000000000;0100;CT;80;0106;19745;;DUI1656;AU;;;;;AT;;;
D051200054;16725;;589;;29/05/2012;0624;2;D;;01;4943;;;00000000000100000;0100;CT;09;0107;16725;;CAV5114;CM;;;;;CH;;;
D051200056;23087;;;PXAV ESTADO;31/05/2012;0920;4;D;;01;5015;;;00000001000000000;0100;CT;06;0107;23087;;ECT0931;OU;;;;;AT;;;
D051200058;16725;;316;;31/05/2012;1100;2;D;;01;5042;;;11000000000000000;0100;CT;09;0107;16725;;DHO9579;AU;DOA6011;MO;;;CO;;;
D051200080;05495;;105;;07/05/2012;0655;4;D;;03;3452;;;10000000000000000;0100;CT;67;0111;05495;;ELL8923;AU;;;;;AT;;;
D051200081;00880;;320;;17/05/2012;0820;2;D;;03;3040;B;;11000000000000000;0100;CT;67;0112;00880;;EXD2529;MO;EFV2925;AU;;;CT;;;
D051200082;16593;;231;;03/05/2012;1100;2;D;;03;3270;B;;01000000000000000;0100;CT;09;0112;16593;;EOS1021;MO;;;;;QM;;;
D051200087;16593;;345;;15/05/2012;0710;2;D;;03;3742;;;11000000000000000;0100;CT;09;0112;16593;;DJE7793;AU;ESZ9302;MO;;;CO;;;
D051200090;09276;17000;;;17/05/2012;2314;2;D;;03;3868;;;01000000000000000;0100;HG;67;0112;09276;17000;BXR1944;MO;;;;;CH;;;
D051200096;12132;05245;;;29/05/2012;2100;2;D;;03;4167;;;01000000000100000;0100;CT;67;0113;05245;19996;;CM;FAF7820;MO;;;CF;;;
D051200097;04831;;;NC;30/05/2012;1841;4;D;;03;4186;;;01000000000000000;0100;CT;67;0113;04831;;CZY6107;MO;;;;;AT;;;
D051200098;16593;;498;;31/05/2012;0154;2;D;;03;4198;;;01000000000000000;0100;CT;09;0113;16593;;EXB0751;MO;;;;;QM;;;
D051200103;14804;;;NC;07/05/2012;1640;2;D;;04;2766;;;11000000000000000;0200;SI;63;0114;14804;;DOI1362;MO;;AU;;;CT;;;
D051200133;19764;;100;;30/05/2012;0700;2;D;;05;3077;;;00000001000000000;0100;VM;17;0117;19764;;DTB1657;OU;;;;;QF;;;
D051200136;19764;;;SBVD PEDROSO;31/05/2012;2000;2;D;;05;3139;;;11000000000000000;0100;VM;17;0117;19764;;BYW4016;MO;ELB3244;AU;;;CO;;;
D051200142;12165;;;NC;25/05/2012;1400;2;D;;05;4861;;;00100000000000000;0100;SI;07;0117;12165;;DJC1908;ON;;;;;QD;;;
D051200180;06642;;3800;;13/05/2012;1900;2;D;;08;3217;;;01000000000000000;0100;CT;09;0123;06642;;EXL0146;MO;;;;;QM;;;
D051200265;14804;;;NC;17/05/2012;1740;2;D;;78;3813;;;10000000100000000;0100;SI;63;0134;14804;;DZC7005;AU;EHH7221;MC;;;CO;;;
D051200272;12165;;;NC;22/05/2012;2312;2;D;;78;3976;;;01000000000100000;0100;SI;07;0135;12165;;DYW6078;MO;EUN4592;CM;;;CO;;;
D051200430;19764;;100;;16/05/2012;0640;2;D;;36;1839;;;01000000000000000;0100;VM;17;0222;19764;;DVE7356;MO;;;;;QM;;;
D051200494;06238;;17000;;18/05/2012;1430;2;D;;96;4860;;;11000000000000000;0100;PB;90;0231;13014;;DZQ3272;MO;;AU;;;CO;;;
D051200599;14804;;;TNINTERIOR;23/05/2012;1900;2;D;;15;2869;;;11000000000000000;0100;SI;63;0313;14804;;EQP4778;MO;DWK7324;AU;;;CL;;;
D051200899;16878;;17000;;15/05/2012;0810;2;D;;75;1617;;;20000000000000000;0100;RV;13;0351;16878;;ERP4761;AU;DVR6456;AU;;;CT;;;
D051200938;13014;;17000;;01/05/2012;0700;2;D;;89;3218;;;11000000000000000;0100;PB;40;0356;13014;;CHU3916;AU;CHU3916;MO;;;SI;;;
D051201675;06238;;17000;;03/05/2012;0919;2;D;;11;1903;;;02000000000000000;0200;PB;90;0602;13014;;EXE6630;MO;EJR8158;MO;;;CT;;;
D051202469;19764;;;PXVD DONA PAULI;04/05/2012;0453;2;D;;05;2624;;;10000000000000000;0001;;;0001;19764;;EKL6613;AU;;;;;CP;;;
D051300002;09758;01521;;;10/05/2013;1645;2;D;;01;2554;;;11000000000000000;0100;CT;67;0101;01521;09758;EJQ7200;MO;CKL2421;AU;;;CO;;;
D051300005;19764;;100;;03/05/2013;1720;2;D;;;3420;;;11000000000000000;0100;VM;17;0101;19764;;DOB7666;MO;FMF4503;AU;;;CO;;;
D051300012;06642;;3000;;09/05/2013;1015;4;D;;01;3748;;;01000000000000000;0100;CT;09;0101;06642;;EII3042;MO;;;;;AT;;;
D051300013;19543;;57;;16/05/2013;1924;4;D;;01;3856;;;00000000000100000;0100;CT;01;0101;19543;;EQM0673;CM;;;;;AT;;;
D051300024;11824;04831;;;27/05/2013;0840;2;D;;01;4246;;;11000000000000000;0100;CT;80;0103;06889;11824;BYZ4275;MO;FFT2987;AU;;;CT;;;
D051300025;15984;;;NC;27/05/2013;1626;4;D;;01;4276;;;00000001000000000;0100;;01;0103;15984;;FFN3767;OU;;;;;AT;;;
D051300027;11824;;568;;28/05/2013;1510;2;D;;01;4305;;;21000000000000000;0100;CT;80;0103;11824;;EIE9152;MO;EBC3126;AU;CHM1526;AU;CO;;;
D051300032;16593;;;PXTUNEL JOAO PA;01/05/2013;0400;2;D;;02;2522;;;01000000000100000;0100;;09;0104;16593;;DIL0218;CM;EII7745;MO;;;CF;;;
D051300061;16593;;;PXANHANGABAU;24/05/2013;2100;2;D;;03;2407;;;20000000000000000;0100;;09;0107;16593;;FAJ0049;AU;EBS4348;AU;;;CO;;;
D051300062;16593;;464;;04/05/2013;1325;2;D;;03;2616;;;00000001000000000;0100;CT;09;0107;16593;;ELW2971;OU;;;;;QD;;;
D051300064;04831;;;NC;07/05/2013;1842;4;D;;03;269;;;10000000000000000;0100;;67;0107;04831;;DJE9931;AU;;;;;AT;;;
D051300065;05245;12132;;;08/05/2013;2152;4;D;;03;2719;;;00100000000000000;0100;CT;67;0107;05245;19996;FFN3459;ON;;;;;AT;;;
D051300066;12132;;92;;11/05/2013;1822;2;D;;03;2788;;;00000000000000010;0100;CT;67;0107;12132;;;SI;;;;;CO;;;
D051300074;09276;01267;;;07/05/2013;1027;2;D;;03;3680;;;11000000000000000;0100;CT;67;0108;01267;09276;DRZ2238;MO;DBW1278;AU;;;CL;;;
D051300078;15323;;;NC;16/05/2013;1240;2;D;;03;1947;;;10000001000000000;0200;;05;0108;15323;;CR5538;AU;DTA8134;OU;;;CO;;;
D051300079;19764;;11;;22/05/2013;1347;2;D;;03;4154;;;11000000000000000;0100;;;0108;19764;;EXL0476;MO;BOK5421;AU;;;CT;;;
D051300105;05245;;;NC;24/05/2013;1820;2;D;;04;4428;;;11000000000000000;0100;;26;0112;05245;;EMH9058;MO;EVB0724;AU;;;CO;;;
D051300107;14804;;175;;02/05/2013;1000;4;D;;05;2365;;;00000001000000000;0100;CT;63;0113;14804;;DTA4056;OU;;;;;AT;;;
D051300108;19764;;;NC;02/05/2013;1520;4;D;;05;2370;;;10000000000000000;0100;;17;0113;19764;;;AU;;;;;AT;;;
D051300109;19764;;;ACLESTE-OESTE;06/05/2013;1220;2;D;;05;2425;;;01000000000100000;0100;;17;0113;33667;;DEG0447;MO;;CM;;;CO;;;
D051300119;19764;;;ACPC.DR JOAO ME;13/05/2013;1350;2;D;;05;2579;;;11000000000000000;0100;;17;0113;19764;;EXD0750;MO;;AU;;;CO;;;
D051300121;19764;;300;;21/05/2013;0936;2;D;;05;2693;;;11000000000000000;0100;VM;17;0114;19764;;DRY4590;MO;EIA7666;AU;;;CT;;;
D051300124;19764;;151;;22/05/2013;1340;2;D;;05;2740;;;01000000000000000;0100;;;0114;19764;;DTN8098;MO;;;;;CO;;;
D051300134;19764;;;PXVD JACEGUAI;24/05/2013;1814;2;D;;05;4423;;;11000000000100000;0100;;17;0115;19764;;FAV4342;MO;DXX6577;AU;EUP9174;CM;CO;;;
D051300418;19764;;;PXVD GAL MARCON;02/05/2013;1919;2;D;;36;4584;;;11000000000000000;0100;;17;0216;19764;;HJT0775;AU;ESE6005;MO;;;CO;;;
D051300423;19764;;;PXCV.AYRTON SEN;28/05/2013;1930;2;D;;36;5667;B;;11000000000000000;0100;;17;0217;19764;;DGT4728;MO;ELQ8390;AU;;;CO;;;
D061200003;16725;07204;;;10/06/2012;0700;2;D;;01;3950;;;10000000000000000;0100;CT;80;0101;07204;16725;HJU6775;AU;;;;;TB;;;
D061200007;01003;;282;;22/06/2012;1900;4;D;;01;4333;;;10000000000000000;0100;CT;07;0101;01003;;FSF4515;AU;;;;;AT;;;
D061200008;10376;;99;;27/06/2012;1200;2;D;;01;4909;;;11000000000000000;0100;CT;80;0102;10376;;;AU;EJR2869;MO;;;CL;;;
D061200011;15635;;100;;04/06/2012;1645;2;D;;01;5160;;;11000000000000000;0100;CT;67;0102;15635;;DVH8455;MO;EDV6570;AU;;;CO;;;
D061200014;06642;;3779;;07/06/2012;1126;4;D;;01;5248;;;10000000000000000;0100;CT;09;0102;06642;;DTB1945;AU;;;;;AT;;;
D061200016;16744;;254;;08/06/2012;1350;4;D;;01;5277;;;00000000000100000;0100;CT;80;0102;16744;;EJH8556;CM;;;;;AT;;;
D061200018;06642;;3200;;15/06/2012;1810;4;D;;01;5551;;;01000000000000000;0100;CT;09;0102;06642;;;MO;;;;;AT;;;
D061200019;15984;;;NC;16/06/2012;1500;4;D;;01;5530;;;10000000000000000;0100;CT;80;0103;15984;;EZL6582;AU;;;;;AT;;;
D061200021;13853;06642;;;20/06/2012;1830;4;D;;01;5670;;;01000000000000000;0100;CT;80;0103;06642;13853;DZL3489;MO;;;;;AT;;;
D061200024;10376;;;NC;23/06/2012;1323;4;D;;01;5756;;;10000000000000000;0100;CT;80;0103;10376;;DZD2814;AU;;;;;AT;;;
D061200025;19745;;105;;23/06/2012;1550;4;D;;01;5760;;;01000000000000000;0200;CT;80;0103;19745;;DRV6166;MO;;;;;AT;;;
D061200027;11824;;425;;27/06/2012;1520;2;D;;01;5880;;;21000000000000000;0100;CT;80;0103;11824;;DUZ0123;MO;DTD1365;AU;EZL4240;AU;CO;;;
D061200028;03403;;192;;30/06/2012;0950;2;D;;01;5960;;;01001000000000000;0200;CT;80;0103;03403;;BYZ4387;MO;;BI;;;CO;;;
D061200056;17115;;;NC;13/06/2012;1820;2;D;;03;2818;;;00100000000000000;0100;SI;67;0107;17115;;;ON;;;;;QD;;;
D061200060;16593;;250;;06/06/2012;1423;4;D;;03;4332;;;10000000000000000;0100;CT;67;0107;16593;;DGE5115;AU;;;;;AT;;;
D061200061;15938;;;NC;07/06/2012;0730;4;D;;03;4343;C;;00000001000000000;0100;CT;67;0107;15938;;CZZ5059;OU;;;;;AT;;;
D061200065;15323;;;NC;22/06/2012;0450;4;D;;03;4737;;;00000000000000010;0100;CT;67;0107;15323;;;SI;;;;;AT;;;
D061200088;19764;;;NC;01/06/2012;1906;2;D;;05;3158;B;;11000000000000000;0100;VM;49;0110;19764;;DOE6836;MO;EKK7827;AU;;;CT;;;
D061200098;19764;;;NC;10/06/2012;1654;2;D;;05;4507;;;20000000000000000;0100;VM;49;0111;19764;;DEY4265;AU;DMV4128;AU;;;CO;;;
D061200101;19764;;;PXVD PEDROSO;26/06/2012;0630;2;D;;05;5117;B;;10100000000000000;0100;VM;49;0111;19764;;DYI2885;AU;EKH8177;ON;;;CO;;;
D061200193;10101;;;NC;14/06/2012;1917;2;D;;77;4560;;;11000000000000000;0100;SI;67;0122;10101;;DOH1932;MO;EMU3933;AU;;;CO;;;
D061200344;19764;;;PXVD TUTOIA;11/06/2012;1802;2;D;;36;2224;;;11000000000000000;0100;VM;49;0216;19764;;DNR4454;MO;DWN0745;AU;;;CO;;;
D061200351;19764;;;NC;04/06/2012;1900;2;D;;36;4369;;;02000000000000000;0100;VM;49;0216;19764;;;MO;EOI0301;MO;;;CO;;;
D061200355;19764;;;NC;10/06/2012;0420;2;D;;36;5811;;;20000000000000000;0400;VM;49;0217;19764;;EJI9287;AU;EFA7853;AU;;;CT;;;
D061200359;19764;;;TNAIRTON SENNA;12/06/2012;1830;2;D;;36;6040;B;;02000000000000000;0100;VM;49;0217;19764;;DCL1558;MO;DXX9481;MO;;;CO;;;
D061202192;04561;;17000;;21/06/2012;1200;4;D;;81;1650;B;;00010000000000000;0001;TT;06;0007;29772;;IPR2388;CA;;;;;AT;;;
D061300007;16725;;573;;03/06/2013;0500;4;D;;01;4409;;;00000000000100000;0100;CT;09;0101;16725;;ETS5960;CM;;;;;AT;;;
D061300010;06642;;3433;;06/06/2013;0831;2;D;;01;4556;;;01000000000000000;0100;CT;09;0101;06642;;ESE2770;MO;;;;;QM;;;
D061300012;06642;13853;;;11/06/2013;1830;2;D;;01;4647;;;01000000000100000;0100;CT;80;0102;06642;13853;EJQ5927;MO;FAM1407;CM;;;CO;;;
D061300015;13317;;;NC;11/06/2013;1204;4;D;;01;4705;;;01000000000100000;0100;;17;0102;13317;;EJN8504;MO;EQH8517;CM;;;AT;;;
D061300027;10376;;;NC;22/06/2013;1400;4;D;;01;4971;B;;01000000000000000;0100;;80;0103;10376;;DWU8769;MO;;;;;AT;;;
D061300028;19745;;100;;21/06/2013;1201;4;D;;01;5041;;;00000000000000010;0100;CT;80;0103;19745;;;SI;;;;;AT;;;
D061300031;06642;13853;;;27/06/2013;0835;4;D;;01;5196;;;01000000000000000;0100;CT;80;0103;06642;13853;EWE3280;MO;;;;;AT;;;
D061300032;09758;;;FTCAMARA;27/06/2013;1018;2;D;;01;5200;;;11000000000000000;0100;;67;0103;09758;;DRW6645;MO;FVJ6895;AU;;;CO;;;
D061300036;10376;;;NC;21/06/2013;2000;2;D;;01;5452;;;02000000000000000;0100;;80;0104;10376;;EQD5449;MO;DLV7448;MO;;;CL;;;
D061300054;10101;09276;;;03/06/2013;0825;2;D;;03;3487;;;01000001000000000;0100;CT;67;0106;09276;10101;DJC5316;OU;EJN7792;MO;;;CO;;;
D061300056;16593;;100;;13/06/2013;1530;2;D;;03;3542;;;11000000000000000;0100;CT;09;0106;16593;;EDK4235;AU;EOI3362;MO;;;CO;;;
D061300057;16725;;1;;15/06/2013;0324;4;D;;03;3633;;;10000000000000000;0100;CT;09;0106;16725;;EUA1300;AU;;;;;AT;;;
D061300059;04541;;;AC METRO LUZ;16/06/2013;2140;2;D;;03;3684;;;10000000000000000;0100;;67;0106;04541;;EFB6357;AU;;;;;CH;;;
D061300064;07281;;;PXVALE ANHAGABA;03/06/2013;1350;4;D;;03;4443;;;10000000000000000;0100;;67;0106;07281;;EPP9810;AU;;;;;AT;;;
D061300067;98795;;;NC;14/06/2013;1132;2;D;;03;4774;;;11000000000100000;0100;;67;0108;98795;;DVI8255;AU;EKJ1732;MO;EUL5723;CM;CO;;;
D061300069;16725;19745;;;24/06/2013;1110;2;D;;03;5021;;;11000000000000000;0100;CT;80;0108;16725;19745;EJO0497;MO;DSI4906;AU;;;CO;;;
D061300072;09276;12132;;;08/06/2013;1050;2;D;;03;900120;;;11000000000000000;0100;CT;67;0108;09276;12132;CMP6189;AU;DPU7060;MO;;;CO;;;
D061300088;05245;;23;;18/06/2013;1620;2;D;;04;5330;;;00100000000000000;0100;CT;26;0110;05245;;;ON;;;;;QD;;;
D061300090;05245;;;PXBOMBEIROS;26/06/2013;0230;2;D;;04;5675;;;11000000000000000;0100;;26;0110;05245;;EJO5897;MO;CXW8494;AU;;;CO;;;
D061300094;19764;;;AC R BR DE IJUI;06/06/2013;1147;2;D;;05;2971;;;11000000000000000;0100;;17;0111;19764;;CJW8381;MO;DOD7884;AU;;;CO;;;
D061300103;19764;;;PXVD JACEGUAI;19/06/2013;0808;2;D;;05;4945;;;11000000000000000;0100;;17;0111;19764;;EXC8010;MO;ELP5891;AU;;;CO;;;
D061300343;19764;;;NC;07/06/2013;0930;2;D;;36;1735;;;11000000000000000;0100;;17;0215;19764;;EFK6422;MO;FEZ4170;AU;;;CL;;;
D061300356;19764;;;FTGINASIO IBIRA;21/06/2013;0613;2;D;;36;2663;;;12000000000000000;0100;;17;0216;19764;;HIL9442;MO;EWG9530;MO;EZH7546;AU;CO;;;
D061300358;19764;;;AC SENA MADUR;26/06/2013;0759;2;D;;36;2739;;;01000000000100000;0100;;17;0216;19764;;EXB4840;MO;EFW0477;CM;;;CH;;;
D061300367;19764;;;PXSANTA GENEROS;08/06/2013;2000;4;D;;36;6098;C;;00000000000000010;0100;;17;0217;19764;;;SI;;;;;AT;;;
D061300528;14804;;;NC;07/06/2013;1930;2;D;;15;5843;B;;01000000000000000;0200;;63;0308;14804;;;MO;;;;;QM;;;
D061301982;18838;;611;;24/06/2013;1343;4;D;;53;4572;;;10000000000000000;0100;CT;01;0809;18838;;CCF7652;AU;;;;;AT;;;
D061302097;13317;01003;;;19/06/2013;1015;4;D;;01;4954;;;00100000000000000;0101;CT;67;0003;01003;13317;DJC3825;ON;;;;;AT;;;
D061302154;06642;13853;;;27/06/2013;0835;4;D;;24;6852;;;01000000000000000;0001;CT;80;0009;06642;13853;EWE3280;MO;;;;;AT;;;
D071200001;15279;;;NC;26/07/2012;1107;2;D;;01;2207;;;00000000000100000;0200;;01;0101;15279;;PDJ3267;CM;;;;;CH;P;;
D071200004;04146;;470;;07/07/2012;2230;4;D;;01;4713;;;00000000000000010;0100;CT;09;0101;04146;;;SI;;;;;AT;;;
D071200005;35616;;9;;13/07/2012;2018;2;D;;01;4865;;;01000000000000000;0200;CT;06;0101;16870;;ELA0125;MO;;;;;CO;;;
D071200010;13317;;35;;29/07/2012;1335;2;D;;01;5252;;;00000001000000000;0100;CT;17;0101;13317;;ELO7402;OU;;;;;QM;;;
D071200013;35616;;;NC;03/07/2012;1757;4;D;;01;6088;;;10000000000000000;0100;;06;0102;16870;;BRJ2464;AU;;;;;AT;;;
D071200017;03189;;190;;13/07/2012;1009;2;D;;01;6399;;;00100000000000000;0100;CT;80;0102;03189;;ECT8968;ON;;;;;QD;;;
D071200018;10376;;100;;16/07/2012;1340;2;D;;01;6491;;;11000000000000000;0100;CT;80;0102;10376;;DCN4855;MO;DAP0235;AU;;;CO;;;
D071200019;15984;;100;;16/07/2012;1620;2;D;;01;6502;;;00100000000000000;0100;CT;01;0102;15984;;;ON;;;;;QD;;;
D071200020;15984;;100;;16/07/2012;1815;4;D;;01;6509;;;00000000000100000;0100;CT;01;0102;15984;;DST4314;CM;;;;;AT;;;
D071200021;15984;;100;;16/07/2012;2005;4;D;;01;6510;;;10000000000000000;0100;CT;01;0102;15984;;CFI1035;AU;;;;;AT;;;
D071200023;01003;;100;;18/07/2012;1410;4;D;;01;6591;;;01000000000000000;0100;CT;67;0102;01003;;DJU0586;MO;;;;;AT;;;
D071200024;19543;;;NC;02/07/2012;1140;2;D;;01;6623;;;00100000000000000;0100;;01;0102;19543;;;ON;;;;;CO;;;
D071200026;16725;;650;;24/07/2012;0830;4;D;;01;6760;;;01000000000000000;0200;CT;09;0103;16725;;EFN0688;MO;;;;;AT;;;
D071200055;12132;05245;;;25/07/2012;1600;2;D;;03;4782;;;11000000000000000;0100;CT;67;0106;05245;19996;EQR0783;MO;EUC9110;AU;;;CO;;;
D071200056;16593;;241;;03/07/2012;1802;2;D;;03;5109;B;;11000000000000000;0100;CT;09;0106;16593;;DVX4582;MO;COR5352;AU;;;CT;;;
D071200061;09276;10101;;;16/07/2012;0650;2;D;;03;5443;;;11000000000000000;0100;CT;67;0106;09276;10101;BYK9187;MO;;AU;;;CT;;;
D071200066;10101;;536;;24/07/2012;2218;2;D;;03;5586;;;10001000000000000;0100;CT;67;0107;10101;;DTE0023;AU;;BI;;;CO;;;
D071200067;09276;17000;;;20/07/2012;0620;2;D;;03;5593;;;01000000000000000;0200;CT;67;0107;09276;17000;DLD1603;MO;;;;;CH;;;
D071200068;12132;;71;;20/07/2012;1600;2;D;;03;5626;C;;11000000000000000;0200;CT;67;0107;12132;;FAY0016;MO;EAF7266;AU;;;CL;;;
D071200077;05245;;;PXLIG LESTE-OES;02/07/2012;1230;2;D;;04;4235;;;11000000000000000;0100;;26;0109;05245;;EXE0357;MO;EBL5663;AU;;;CO;;;
D071200100;19764;;;SBVD COND S JOA;05/07/2012;1815;2;D;;05;3892;;;02000000000000000;0200;;17;0112;19764;;EHR2949;MO;ELH0300;MO;;;CO;;;
D071200103;19764;;;PXVD PEDROSO;13/07/2012;1802;2;D;;05;4059;;;11000000000000000;0100;;17;0112;19764;;CTU2996;AU;EQE4381;MO;;;CL;;;
D071200116;19764;;;PXVD JACEGUAI;27/07/2012;2235;2;D;;05;5809;;;11000000000000000;0200;;17;0113;19764;;DPC3970;AU;DGS2114;MO;;;CO;;;
D071200117;19764;;;NC;06/07/2012;0815;4;D;;05;6170;;;00000000000000010;0100;;17;0113;19764;;;SI;;;;;AT;;;
D071200177;06642;;3017;;13/07/2012;1210;4;D;;12;3553;;;01000000000100000;0100;CT;09;0120;06642;;EMF0990;MO;DYB3377;CM;;;AT;;;
D071200373;19764;;;PXVD TUTOIA;26/07/2012;1850;2;D;;36;2860;;;11000000000000000;0100;;17;0216;19764;;EJQ7779;MO;EVG6732;AU;;;CO;;;
D071200376;19764;;;PXPTE JOAO J.SA;06/07/2012;2118;2;D;;36;6691;;;11000000000100000;0100;;17;0216;19764;;EXE7548;MO;DSN9255;CM;EUV6462;AU;CO;;;
D071200538;14804;;;PXR RENATO PAES;31/07/2012;0750;2;D;;15;900128;;;11000000000000000;0100;;63;0311;14804;;DZO8266;MO;DEL1674;AU;;;CO;;;
D071200774;16878;;17000;;07/07/2012;1500;2;D;;75;2280;;;11000000000000000;0200;RV;13;0338;16878;;EXG0316;MO;DRM6816;AU;;;CO;;;
D071200785;16878;;17000;;04/07/2012;2220;2;D;;75;5042;;;10000000000000010;0100;RV;13;0339;16878;;CRV3669;AU;;SI;;;CT;;;
D071202124;19764;;;SBVD TUTOIA;22/07/2012;1508;2;D;;36;7196;C;;01000000000000000;0001;;17;0003;19764;;EXF1152;MO;;;;;CH;;;
D071202176;15279;;;PXR LIBERO BADA;26/07/2012;1107;4;D;;01;2207;;;10000000000000000;0101;;01;0008;15279;;AOJ3267;AU;;;;;AT;P;;
D071202185;09276;;1264;;31/07/2012;0235;4;D;;77;5731;;;00000000000000010;0001;CT;67;0009;09276;;;SI;;;;;AT;;;
D071300004;06642;;3017;;01/07/2013;1717;4;D;;01;5516;;;10000000000000000;0100;CN3;80;0101;06642;;LTL4506;AU;;;;;AT;;;
D071300006;01003;19764;;;03/07/2013;1217;4;D;;01;5379;;;10000000000000000;0100;CN3;80;0101;01003;19764;DWJ2695;AU;;;;;AT;;;
D071300007;19764;;354;;03/07/2013;1700;2;D;;01;5397;;;11000000000100000;0100;CN3;80;0101;19764;;BYR3550;MO;EAN4176;AU;LVD4126;CM;CO;;;
D071300008;19764;;;NC;07/07/2013;0450;2;D;;01;5413;;;10000000000000000;0100;SI;SI;0101;19764;;DLQ3719;AU;;;;;CH;;;
D071300010;15984;;928;;04/07/2013;0830;4;D;;01;5431;;;10000000000000000;0100;CN3;80;0102;15984;;EQJ7649;AU;;;;;AT;;;
D071300012;11824;;446;;03/07/2013;1500;2;D;;01;5495;;;11000000000000000;0100;CN3;80;0102;11824;;EGZ0166;MO;EMH6654;AU;;;CO;;;
D071300013;16725;;;NC;10/07/2013;0852;2;D;;01;5547;;;11000000000000000;0100;CN3;67;0102;16725;;EFK6039;MO;DTE4457;AU;;;CO;;;
D071300015;13317;;172;;11/07/2013;2040;4;D;;01;5566;;;10000000000000000;0100;CN3;67;0102;13317;;FDI7830;AU;;;;;AT;;;
D071300017;15635;10376;;;11/07/2013;0810;2;D;;01;5591;;;11000000000000000;0100;CN3;80;0102;10376;15635;EQD4865;MO;EMF8706;AU;;;CO;;;
D071300018;19745;08734;;;14/07/2013;0751;4;D;;01;5631;;;00000001000000000;0100;CN3;80;0102;08734;19745;EZL5803;OU;;;;;AT;;;
D071300020;10376;;;NC;15/07/2013;1650;4;D;;01;5714;;;10000000000000000;0100;CN3;80;0102;10376;;FIH7192;AU;;;;;AT;;;
D071300025;05111;16870;;;20/07/2013;1840;4;D;;01;5858;;;10000000000000000;0100;CN3;80;0103;05111;16870;EMK5003;AU;;;;;AT;;;
D071300026;03189;;85;;19/07/2013;1320;4;D;;01;6860;;;01000000000000000;0100;CN3;80;0103;03189;;BPS6650;MO;;;;;AT;;;
D071300031;35597;;;NC;25/07/2013;0030;4;D;;01;6020;;;00100000000000000;0100;CN3;80;0103;12165;;DTD4034;ON;;;;;AT;;;
D071300035;10376;;;NC;30/07/2013;0703;4;D;;01;6116;;;10000000000000000;0100;CN3;80;0104;10376;;EKK7477;AU;;;;;AT;;;
D071300038;19764;;;NC;23/07/2013;0540;2;D;;01;7013;C;;01000000000000000;0100;SI;SI;0104;19764;;CFN7952;MO;;;;;QM;;;
D071300061;09276;17115;;;16/07/2013;2030;4;D;;03;4373;;;01000000000000000;0300;CN3;67;0107;09276;17115;FKL4779;MO;;;;;AT;;;
D071300063;09276;;895;;28/07/2013;0425;4;D;;03;4594;;;00000000000000010;0100;CN3;67;0107;09276;;;SI;;;;;AT;;;
D071300064;19996;;10;;21/07/2013;2236;2;D;;03;4676;;;00200000000000000;0100;CN3;67;0107;19996;;EZL9805;ON;;ON;;;CL;;;
D071300066;17986;;;NC;16/07/2013;1720;2;D;;03;5780;;;01000000000000010;0100;CN3;67;0107;17986;;EIE4413;MO;ECT6504;SI;;;CT;;;
D071300068;19996;;204;;23/07/2013;1235;4;D;;03;5834;;;00000000000000010;0100;CN3;67;0107;19996;;;SI;;;;;AT;;;
D071300070;16725;16593;;;21/07/2013;0730;2;D;;03;5877;C;;01000000000000000;0100;CN3;80;0108;16593;16725;DRZ3893;MO;;;;;QM;;;
D071300072;12132;;282;;26/07/2013;1700;2;D;;03;6620;;;00000001000000000;0100;CN3;67;0108;12132;;DTA9756;OU;;;;;QD;;;
D071300097;14804;;;PXR MANOEL DUTR;06/07/2013;2100;2;D;;05;5963;;;11000000000000000;0200;SO1;07;0111;14804;;FGI3997;AU;EQS0112;MO;;;CO;;;
D071300391;19764;;;PXPAV.C.MATARAZ;23/07/2013;1717;2;D;;36;3130;;;01000000000000000;0100;SU2;53;0216;19764;;EXL1893;MO;;;;;CT;;;
D071300392;19764;;;PXVD TUTOIA;24/07/2013;1652;2;D;;36;3146;;;11000000000000000;0100;SU2;92;0217;19271;19764;DZM9441;MO;FAQ2141;AU;;;CF;;;
D071300402;19764;;;PXTN AYRTON SEN;13/07/2013;1857;2;D;;36;7474;;;10010000000100000;0200;SU2;53;0218;19764;;CPG2883;CA;EAM6292;AU;DTE3759;CM;CO;;;
D081200007;06642;13853;;;02/08/2012;2348;2;D;;01;5345;;;00000000000100000;0100;CT;80;0101;06642;13853;DVJ2475;CM;;;;;CO;;;
D081200011;19764;;100;;24/08/2012;2249;4;D;;01;5869;;;10000000000000000;0100;VM;17;0102;19764;;EML2996;AU;;;;;AT;;;
D081200013;16725;;150;;28/08/2012;0300;2;D;;01;5952;;;20000000000000000;0100;CT;09;0103;16725;;FCB3301;AU;EYR1469;AU;;;CO;;;
D081200015;13317;;200;;31/08/2012;0005;4;D;;01;6042;;;10000000000000000;0100;CT;17;0103;13317;;FOX8797;AU;;;;;AT;;;
D081200019;15603;;27;;04/08/2012;1642;2;D;;01;7182;;;00010000000000000;0100;CT;01;0103;15603;;DVI6420;CA;;;;;OU;;;
D081200020;16725;;536;;09/08/2012;0815;2;D;;01;7345;;;21000000000000000;0100;CT;09;0103;16725;;EXC1275;MO;DTA2243;AU;DRO1999;AU;CO;;;
D081200021;04146;;390;;10/08/2012;0740;4;D;;01;7378;;;10000000000000000;0100;CT;09;0104;04146;;EQF1498;AU;;;;;AT;;;
D081200023;06642;;3403;;10/08/2012;1810;2;D;;01;7404;;;01000000000100000;0100;CT;09;0104;06642;;CZO7801;CM;EQE5717;MO;;;CO;;;
D081200024;13853;;590;;11/08/2012;0900;4;D;;01;7408;;;00000000000100000;0100;CT;09;0104;13853;;EVT6515;CM;;;;;AT;;;
D081200028;13317;;88;;20/08/2012;0900;4;D;;01;7681;;;10000000000000000;0100;CT;17;0104;13317;;BMV5508;AU;;;;;AT;;;
D081200030;19745;;533;;23/08/2012;1040;4;D;;01;7808;;;10000000000000000;0100;CT;80;0104;19745;;FCB1148;AU;;;;;AT;;;
D081200031;19764;;;PXPC DR JOAO ME;24/08/2012;1050;2;D;;01;7846;;;11000000000000000;0100;;17;0105;19764;;DAC8571;MO;EBC1896;AU;;;CL;;;
D081200033;19745;;795;;27/08/2012;1736;4;D;;01;7943;;;10000000000000000;0100;CT;80;0105;19745;;DSM6775;AU;;;;;AT;;;
D081200037;17025;;246;;14/08/2012;1830;4;D;;01;8387;;;10000000000000000;0100;CT;01;0105;17025;;FAL9877;AU;;;;;AT;;;
D081200059;16593;16725;;;11/08/2012;1335;2;D;;02;6323;C;;11000000000000000;0100;CT;67;0108;16593;16725;DWK2383;AU;DOU2359;MO;;;CO;;;
D081200063;19764;;;PXR LAD DA MEMO;10/08/2012;1030;2;D;;03;5176;B;;11000000000000000;0100;;17;0109;19764;;DXF9266;AU;KUS6703;MO;;;CO;;;
D081200064;09276;;1290;;04/08/2012;1800;4;D;;03;5852;;;10000000000000000;0100;CT;67;0109;09276;;HEW5460;AU;;;;;AT;;;
D081200065;16593;;99;;03/08/2012;1315;2;D;;03;6070;;;11000000000000000;0100;CT;09;0109;16593;;EQG5080;AU;EJN8027;MO;;;CO;;;
D081200074;09276;;1251;;17/08/2012;0800;2;D;;03;6497;;;00000001000000000;0100;CT;67;0110;09276;;EZL7886;OU;;;;;QD;;;
D081200078;19996;;120;;30/08/2012;1900;2;D;;03;6942;;;01000000000000000;0100;CT;00;0110;19996;;EGY4724;MO;;;;;QM;;;
D081200081;17000;;;NC;21/08/2012;1313;2;D;;03;7749;;;00000001000000000;0100;;00;0110;17000;;DTE0118;OU;;;;;QD;;;
D081200082;03403;;;NC;04/08/2012;1200;2;D;;03;2718;;;11000000000000000;0100;;80;0110;03403;;ENL9533;AU;DJU7240;MO;;;CO;;;
D081200090;14804;;238;;16/08/2012;0900;2;D;;04;5318;;;01000000000000000;0100;CT;63;0111;14804;;EII9109;MO;;;;;QM;;;
D081200119;14810;;;NC;14/08/2012;1630;4;D;;05;4659;;;01000000000000000;0100;;67;0115;14810;;ALU2981;MO;;;;;AT;;;
D081200458;19764;;;NC;18/08/2012;1320;2;D;;36;3176;;;01000000000000000;0100;;17;0222;19764;;FLP0113;MO;;;;;QM;;;
D081200461;19764;;;PXVD TUTOIA;28/08/2012;0620;2;D;;36;3304;C;;11000000000000000;0100;;17;0223;19764;;ECN5848;MO;FDH0473;AU;;;CT;;;
D081200462;19764;;;PXPTE INDIANOPO;13/08/2012;1810;2;D;;36;3306;;;11000000000000000;0100;;17;0223;19764;;EJO9739;MO;FAG1416;AU;;;CT;;;
D081200465;19764;;;NC;31/08/2012;1650;2;D;;36;3399;;;00100000000000000;0100;;17;0223;19764;;;ON;;;;;QD;;;
D081200525;06238;;12951;;02/08/2012;2128;2;D;;96;7573;;;21000000000000000;0100;PB;90;0230;13014;;EXF3235;MO;AQF8711;AU;ERF8671;AU;SI;;;
D081200891;01429;;17000;;16/08/2012;0903;2;D;;46;3856;;;00000001000100000;0200;RV;73;0337;01429;;DMB3602;CM;ECT3915;OU;;;CT;;;
D081201010;13014;;17000;;10/08/2012;0830;2;D;;89;5974;;;01000000000000010;0100;PB;40;0351;13014;;EQR3936;MO;;SI;;;SI;;;
D081202601;15984;;946;;02/08/2012;2205;4;D;;08;5342;;;00100000000000000;0001;CT;01;0001;15984;;DJB0223;ON;;;;;AT;;;
D091200005;06642;;3350;;07/09/2012;0058;4;D;;01;6232;;;01000000000000000;0100;CT;09;0101;06642;;EGZ1898;MO;;;;;AT;;;
D091200008;03403;;175;;16/09/2012;0045;4;D;;01;6444;;;10000000000000000;0100;CT;80;0101;03403;;KYB4933;AU;;;;;AT;;;
D091200009;16725;06136;;;16/09/2012;1344;2;D;;01;6458;C;;01000000000000010;0100;CT;80;0101;06136;16725;CDI4765;MO;;SI;;;CL;;;
D091200010;16523;;113;;18/09/2012;2156;4;D;;01;6526;C;;01000000000000000;0100;CT;01;0101;16523;;DVH1261;MO;;;;;AT;;;
D091200013;10376;;45;;25/09/2012;2218;4;D;;01;6693;;;10010000000000000;0100;CT;80;0102;10376;;ELB5865;CA;DIV5938;AU;;;AT;;;
D091200016;06642;;3100;;06/09/2012;1530;2;D;;01;7398;;;11000000000000000;0100;CT;09;0102;06642;;EHZ8676;MO;CRJ8702;AU;;;CO;;;
D091200022;03403;;314;;12/09/2012;0850;4;D;;01;8467;;;00000001000000000;0100;CT;80;0102;03403;;DTA3952;OU;;;;;AT;;;
D091200023;05520;17025;;;14/09/2012;1000;2;D;;01;8554;;;20000000000000000;0100;CT;80;0102;05520;17025;EXT4035;AU;DCO6116;AU;;;CO;;;
D091200026;19764;;;SBVD JACEGUAI;26/09/2012;0855;2;D;;01;8926;;;02000000000000000;0100;;17;0103;19764;;ESE8390;MO;DRY6381;MO;;;CO;;;
D091200027;16725;;526;;28/09/2012;1606;4;D;;01;9038;;;00000001000000000;0100;CT;09;0103;16725;;EMU0967;OU;;;;;AT;;;
D091200028;19745;;324;;29/09/2012;0859;4;D;;01;9054;;;00000000000100000;0100;CT;80;0103;19745;;DZG6328;CM;;;;;AT;;;
D091200029;17545;;;NC;02/09/2012;0655;2;D;;01;10564;;;00000001000000000;0100;;01;0103;17545;;DTD0281;OU;;;;;QD;;;
D091200030;15635;17293;;;14/09/2012;0840;2;D;;01;900580;;;11000000000000000;0100;CT;80;0103;15635;17293;FAY4221;MO;DWR2346;AU;;;CO;;;
D091200031;10376;;;NC;18/09/2012;1700;2;D;;01;900592;;;11000000000000000;0100;;80;0103;10376;;MST6003;MO;LOQ2210;AU;;;CO;;;
D091200064;09276;10101;;;14/09/2012;2309;4;D;;03;6812;;;01000000000000000;0200;CT;67;0107;09276;10101;DYW1259;MO;;;;;AT;;;
D091200065;09276;;746;;14/09/2012;2012;4;D;;03;6816;;;00000001000000000;0100;CT;67;0107;09276;;DJB1214;OU;;;;;AT;;;
D091200066;16593;;242;;03/09/2012;1000;2;D;;03;7021;;;11000000000000000;0100;CT;09;0107;16593;;CAJ6738;AU;DCR1163;MO;;;CL;;;
D091200067;00700;;71;;07/09/2012;0715;2;D;;03;7176;;;01000000000100000;0100;CT;67;0107;00700;;DJL3925;CM;ECS9849;MO;;;CO;;;
D091200068;19996;;316;;10/09/2012;1029;2;D;;03;7240;;;11000000000000000;0100;CT;00;0107;19996;;DIG7196;AU;DAA3962;MO;;;CO;;;
D091200070;14804;;99;;14/09/2012;1615;2;D;;03;7427;;;01000000000000000;0100;CT;63;0108;14804;;EJM5548;MO;;;;;QM;;;
D091200072;09276;;727;;19/09/2012;1845;4;D;;03;7583;;;10000000000000000;0100;CT;67;0108;09276;;EQT9118;AU;;;;;AT;;;
D091200073;06285;;;NC;20/09/2012;1430;2;D;;03;7608;;;00001000000100000;0100;;67;0108;06285;;;BI;DRM0022;CM;;;OU;;;
D091200074;19996;;328;;25/09/2012;1603;4;D;;03;7715;;;00000001000000000;0100;CT;00;0108;19996;;DTA0674;OU;;;;;AT;;;
D091200077;01667;;26;;28/09/2012;0909;4;D;;03;7786;;;10000000000000000;0100;CT;67;0109;01667;;EBF2368;AU;;;;;AT;;;
D091200078;04831;;;NC;20/09/2012;0815;4;D;;03;8733;;;10000000000000000;0100;;67;0109;04831;;LPP3205;AU;;;;;AT;;;
D091200110;19764;;;NC;19/09/2012;0650;4;D;;05;5346;;;11000000000000000;0100;;17;0113;19764;;EBO9033;AU;FAF0945;MO;;;AT;;;
D091200120;14810;;;PXVD MJ QUEDINH;29/09/2012;1730;2;D;;05;7182;;;20000000100000000;0100;;67;0114;14810;;EJD5406;AU;EFW8005;AU;DSL7809;MC;CF;;;
D091200127;19764;;;PXVD JACEGUAI;29/09/2012;1901;4;D;;05;7685;B;;21000000000000000;0100;;17;0115;19764;;EXL0556;MO;EJK3531;AU;DSI6013;AU;AT;;;
D091200128;19764;;;PXVD JACEGUAI;29/09/2012;2320;2;D;;05;7695;B;;01000000000000000;0100;;17;0115;19764;;EII4880;MO;;;;;QM;;;
D091200438;19764;;;SBVD TUTOIA;14/09/2012;1007;2;D;;36;3580;B;;11000000000000000;0100;;17;0219;19764;;DOM6954;AU;BXQ8692;MO;;;CO;;;
D091200449;19764;;;NC;01/09/2012;0023;2;D;;36;8618;C;;11000000000000000;0100;;17;0220;19764;;DVI4991;AU;EXC5512;MO;;;CO;;;
D091202489;06642;;3300;;02/09/2012;0210;4;D;;05;5152;;;10000000000000000;0001;;;0008;06642;;FFB9090;AU;;;;;AT;;;
D101200006;06642;13853;;;09/10/2012;0224;2;D;;01;7047;;;10001000000000000;0100;CT;80;0101;06642;13853;FAL6054;AU;;BI;;;CO;;;
D101200007;19764;;10;;16/10/2012;2315;2;D;;01;7241;;;01000000000000000;0100;VM;17;0101;19764;;BRU0438;MO;;;;;QM;;;
D101200010;13853;06642;;;30/10/2012;1530;2;D;;01;7938;;;11000000000000000;0100;CT;80;0101;06642;13853;FAP6247;MO;FEP8983;AU;;;CO;;;
D101200011;19745;04342;;;01/10/2012;1611;4;D;;01;9113;;;01000000000000000;0200;CT;80;0102;04342;19745;DJT9118;MO;;;;;AT;;;
D101200012;15984;;148;;02/10/2012;1030;2;D;;01;9133;;;00001000000100000;0100;CT;01;0102;15984;;FAD8310;CM;;BI;;;CO;;;
D101200013;05111;16870;;;03/10/2012;0850;4;D;;01;9173;;;01000000000000000;0100;CT;80;0102;05111;16870;DZR6923;MO;;;;;AT;;;
D101200017;04146;13853;;;06/10/2012;0850;2;D;;01;9288;;;10000001000000000;0100;CT;80;0102;04146;16725;CDQ7695;AU;DTC5647;OU;;;CO;;;
D101200018;11824;06889;;;06/10/2012;1809;4;D;;01;9305;;;10000000000000000;0100;CT;80;0102;06889;11824;CRA8314;AU;;;;;AT;;;
D101200024;03387;;100;;12/10/2012;1115;4;D;;01;9533;;;10000000000000000;0100;CT;80;0103;03387;;EBN7071;AU;;;;;AT;;;
D101200026;04342;;100;;17/10/2012;1630;4;D;;01;9695;;;10000000000000000;0100;CT;80;0103;04342;;EMV2460;AU;;;;;AT;;;
D101200027;17226;19543;;;18/10/2012;1410;2;D;;01;9729;;;11000000000000000;0100;;;0103;17226;19543;DNG8003;MO;EZK8120;AU;;;CL;;;
D101200029;10376;;10;;19/10/2012;1420;4;D;;01;9776;;;01000000000000000;0100;CT;80;0103;99971;;EHK5796;MO;;;;;AT;;;
D101200030;19745;;100;;19/10/2012;1800;4;D;;01;9780;;;10000000000000000;0100;CT;80;0103;19745;;DTD1550;AU;;;;;AT;;;
D101200031;13853;04146;;;20/10/2012;0620;2;D;;01;9784;;;11000000000000000;0100;CT;80;0103;04146;16725;EJN2892;MO;ELX7436;AU;;;CO;;;
D101200035;35597;;;NC;23/10/2012;1410;2;D;;01;9893;;;02000000000000000;0100;;80;0104;12165;;DOU9569;MO;DPD5154;MO;;;CO;;;
D101200037;06642;;3315;;25/10/2012;1355;4;D;;01;3364;;;01000000000000000;0100;CT;09;0104;06642;;OVU5428;MO;;;;;AT;;;
D101200038;35597;;;PXR.MARIA PAULA;29/10/2012;0640;2;D;;01;10057;;;00000001100000000;0100;;80;0104;12165;;ASW6715;MC;DJB5730;OU;;;SI;;;
D101200039;06642;;3300;;31/10/2012;1420;4;D;;01;1017;;;01000000000000000;0100;CT;09;0104;06642;;DFD9794;MO;;;;;AT;;;
D101200040;16744;;100;;31/10/2012;1315;4;D;;01;10183;;;10000000000000000;0100;CT;01;0104;16744;;ERQ5037;AU;;;;;AT;;;
D101200041;15635;;;NC;31/10/2012;1820;2;D;;01;10199;;;02000000000000000;0100;;80;0104;15635;;EXB2441;MO;DJJ8905;MO;;;SI;;;
D101200042;13317;;122;;11/10/2012;0930;2;D;;01;12170;;;11000000000000000;0100;CT;17;0104;13317;;EQD2568;MO;EBG9794;AU;;;CO;;;
D101200068;19759;09276;;;14/10/2012;0530;2;D;;03;7586;;;10000000000000000;0200;;;0107;09276;19759;DIM5852;AU;;;;;CH;;;
D101200069;17115;09276;;;14/10/2012;1830;4;D;;03;7597;;;10000000000000000;0100;CT;67;0107;09276;17115;DTR3891;AU;;;;;AT;;;
D101200072;17115;;34;;03/10/2012;1204;4;D;;03;7898;;;00000001000000000;0100;CT;05;0107;17115;;ELW8568;OU;;;;;AT;;;
D101200074;17115;;;DPC.AV AURORA;08/10/2012;0800;2;D;;03;8046;;;11000000000000000;0100;;05;0107;17115;;ESR0774;MO;HFV4490;AU;;;CT;;;
D101200075;16725;19017;;;10/10/2012;1443;2;D;;03;8151;;;01000000010000000;0100;CT;67;0107;16725;19017;EXA4432;MO;DLA3582;VA;;;CL;;;
D101200078;09276;;919;;19/10/2012;1510;2;D;;03;8406;C;;01000000000000000;0100;CT;67;0109;09276;;EXB2452;MO;;;;;QM;;;
D101200079;04831;;200;;23/10/2012;1554;4;D;;03;8495;;;01000000000000000;0200;CT;67;0109;04831;;EJN5988;MO;;;;;AT;;;
D101200083;09276;;800;;04/10/2012;0649;2;D;;03;9264;;;00000001000000000;0100;CT;67;0109;09276;;DTB1687;OU;;;;;QD;;;
D101200093;05245;13632;;;21/10/2012;0440;2;D;;04;6965;;;10000000000000010;0100;CT;67;0110;05245;19996;;SI;CQR3392;AU;;;CL;;;
D101200126;19764;;;PXVD PEDROSO;21/10/2012;1400;2;D;;05;6998;;;00001000000100000;0100;;17;0114;19764;;;CM;;BI;;;CO;;;
D101200127;19764;;;PXBENEF PORTUGU;06/10/2012;2345;2;D;;05;7864;;;11000000000000000;0100;;17;0114;19764;;EQR9694;MO;EME4986;AU;;;CT;;;
D101200128;19764;;;NC;09/10/2012;2000;4;D;;05;7940;;;00000000000000010;0100;;17;0114;19764;;;SI;;;;;AT;;;
D101200130;19764;;;PXPCA ARTESOES;12/10/2012;1800;2;D;;05;8025;;;11000000000000000;0200;;17;0114;19764;;DFA6486;MO;;AU;;;CT;;;
D101200134;19764;;;SBVD PEDROSO;20/10/2012;0425;2;D;;05;8233;;;10000000000000000;0300;;17;0114;19764;;DEA2736;AU;;;;;CH;;;
D101200135;14810;;10;;24/10/2012;2241;4;D;;05;8380;;;10000000000000000;0100;CT;67;0115;14810;;DQJ6936;AU;;;;;AT;;;
D101200136;19764;;;ACR D.PAULIN;28/10/2012;0230;4;D;;05;8468;;;00000000000100000;0100;;17;0115;19764;;DCX8585;CM;;;;;AT;;;
D101200140;14810;;;NC;31/10/2012;1930;2;D;;05;8607;;;20000001000000000;0100;;67;0115;14810;;DTB7596;OU;EVX6782;AU;EIA6157;AU;CT;;;
D101200419;19764;;;ACTN.AYRTON SEN;05/10/2012;1424;2;D;;36;2847;;;11000000000000000;0100;;17;0218;19764;;BZX8095;MO;DLA8435;AU;;;CO;;;
D101200431;19764;;;PXVD STA GENERO;07/10/2012;1230;2;D;;36;10126;;;21000000000000000;0100;;17;0218;43106;;ELL0034;AU;ESE0680;MO;EMY1168;AU;CO;;;
D101200433;19764;;;PXVD TUTOIA;20/10/2012;1030;2;D;;36;10796;;;11000000000000000;0100;;17;0218;19764;;EJR1106;MO;KBQ8828;AU;;;CT;;;
D101201623;06238;;17000;;25/10/2012;0805;2;D;;11;11661;;;11000000000000000;0200;PB;90;0606;13014;;DOB0564;MO;CVA7780;AU;;;CL;;;
D101202265;17824;;17000;;03/10/2012;1603;4;D;;55;4359;;;01000000000000000;0100;VP;33;0817;17824;;;MO;;;;;AT;;;
D101202405;07336;;98;;10/10/2012;0830;4;D;;01;3054;;;00100000000000000;0001;CT;80;0004;07336;;DTB7573;ON;;;;;AT;;;
D101202416;17115;;34;;02/10/2012;1204;4;D;;14;10517;;;00100000000000000;0001;CT;05;0006;17115;;ELW8568;ON;;;;;AT;;;
D101202427;19764;;;PXR.DNA.PAULINA;28/10/2012;0230;4;D;;05;6211;;;10000000000000000;0001;;17;0007;19764;;DCX8585;AU;;;;;AT;;;
D111200004;03189;17545;;;29/11/2012;1544;2;D;;01;6057;;;01010000000000000;0100;CT;80;1001;03189;17545;X;MO;DSJ7554;CA;;;CF;;;
D111200005;13317;;134;;28/11/2012;1730;2;D;;01;6805;;;01000000000000000;0100;CT;17;0101;13317;;EXF8636;MO;;;;;QM;;;
D111200007;16725;;631;;03/11/2012;1900;4;D;;01;7706;C;;00100000000000000;0100;CT;09;0101;16725;;EZL9809;ON;;;;;AT;;;
D111200013;17025;19764;;;14/11/2012;1952;4;D;;01;7988;;;01000000000000000;0200;CT;80;0101;15261;17025;CMI4263;MO;;;;;AT;;;
D111200014;03189;;98;;14/11/2012;1250;2;D;;01;7991;C;;00000001000000000;0100;CT;80;0101;03189;;DTB1789;OU;;;;;QD;;;
D111200015;17545;;421;;18/11/2012;1527;2;D;;01;8074;;;00000001000000000;0100;CT;01;0101;17545;;EZL5860;OU;;;;;QD;;;
D111200017;15635;;9;;19/11/2012;2205;4;D;;01;8116;;;10000000000000000;0300;CT;80;0102;15635;;DCE7455;AU;;;;;AT;;;
D111200022;17025;;251;;06/11/2012;1950;2;D;;01;10379;;;11000000000000000;0100;CT;01;0103;17025;;HNS1464;AU;BPS6914;MO;;;CO;;;
D111200023;16523;;100;;08/11/2012;1805;4;D;;01;10462;;;00000000000000001;0100;CT;01;0103;16523;;;CO;;;;;AT;;;
D111200025;13317;;100;;13/11/2012;1630;2;D;;01;10610;;;00000000000000010;0100;CT;17;0103;13317;;;SI;;;;;QD;;;
D111200028;06642;13853;;;17/11/2012;0550;2;D;;01;10711;;;11000000000000000;0100;CT;80;0103;06642;13853;ABG0076;AU;EHF9843;MO;;;CL;;;
D111200030;02404;;100;;04/11/2012;1400;2;D;;01;10847;;;00000000000200000;0100;CT;80;0103;02404;;OLX7498;CM;EQZ9661;CM;;;CO;;;
D111200031;15635;10376;;;23/11/2012;1615;2;D;;01;10887;;;01000000000000000;0200;;;0104;10376;15635;DOU8073;MO;;;;;QM;;;
D111200032;15635;;80;;24/11/2012;1350;2;D;;01;10916;;;11000000000000000;0100;CT;80;0104;15635;;EBG3495;AU;EXD6207;MO;;;SI;;;
D111200034;17226;19543;;;27/11/2012;1110;4;D;;01;109894;;;10000000000000000;0100;;;0104;17226;19543;EMQ985;AU;;;;;AT;;;
D111200036;35616;;;NC;29/11/2012;1735;4;D;;01;11083;;;00000001000000000;0100;;06;0104;16870;;ELQ5883;OU;;;;;AT;;;
D111200037;19745;04469;;;30/11/2012;1231;4;D;;01;11109;;;00000001000000000;0100;CT;80;0104;07024;19745;DTA3991;OU;;;;;AT;;;
D111200065;12132;05245;;;14/11/2012;0000;2;D;;03;3016;;;01000000000100000;0100;CT;67;0108;05245;19996;EFK5158;MO;EJL9684;CM;;;CO;;;
D111200067;09276;02947;;;25/11/2012;1155;2;D;;03;3227;;;01000001000000000;0100;CT;67;0108;02947;09276;EHT3540;MO;DTA7384;OU;;;CL;;;
D111200068;16861;;999;;01/11/2012;1740;2;D;;03;8813;;;00000001000000000;0100;CT;07;0108;16861;;DTA3950;OU;;;;;QD;;;
D111200069;10101;;700;;05/11/2012;0930;4;D;;03;8869;;;10000000000000000;0100;HG;67;0108;10101;;CTJ8153;AU;;;;;AT;;;
D111200071;16593;;300;;07/11/2012;0657;4;D;;03;8939;;;10000000000000000;0100;CT;09;0108;16593;;EMG6773;AU;;;;;AT;;;
D111200072;19017;16725;;;10/11/2012;1453;2;D;;03;9055;;;20000000000000000;0100;CT;67;0108;16725;19017;DNT4218;AU;EXX2105;AU;;;CL;;;
D111200074;16593;;414;;16/11/2012;0939;2;D;;03;9214;;;01000001000000000;0100;CT;09;0109;16593;;FAL4500;MO;DJC1648;OU;;;CO;;;
D111200077;09276;17115;;;16/11/2012;1525;2;D;;03;9241;;;00000001000000000;0100;CT;67;0109;09276;17115;OJC1074;OU;;;;;QD;;;
D111200080;04831;;99;;23/11/2012;1817;4;D;;03;9451;;;10000000000000000;0100;CT;67;0109;04831;;EFV2754;AU;;;;;AT;;;
D111200082;16593;;474;;26/11/2012;1440;2;D;;03;9516;;;11000000000000000;0100;CT;09;0109;16593;;DOU5548;MO;EFE8154;AU;;;CO;;;
D111200083;15323;;;PXAV SAO  JOAO;29/11/2012;1325;2;D;;03;9613;;;00000001000100000;0100;;05;0109;15323;;DJM0271;CM;DTA0646;OU;;;CO;;;
D111200103;13632;;;PXPC DES MARIO;19/11/2012;0330;2;D;;04;9132;;;10000000000000000;0100;;67;0111;13632;;DQJ9309;AU;;;;;CH;;;
D111200107;19764;;;SBVD PEDROSO;06/11/2012;1800;2;D;;05;6408;;;11000000000000000;0100;;17;0112;19764;;EQM0857;AU;DUW6537;MO;;;CT;;;
D111200117;19764;;;NC;28/11/2012;1803;4;D;;05;6803;;;01000000000000000;0200;;17;0113;19764;;DPV0321;MO;;;;;AT;;;
D111200122;19764;;;PXVD.CONDENSA;11/11/2012;2245;2;D;;05;8925;;;10000000000000000;0100;;17;0113;19764;;DUH7491;AU;;;;;CH;;;
D111200190;06642;01084;;;10/11/2012;0015;4;D;;12;7850;;;10000000000000000;0100;CT;80;0123;06642;13853;ABY6847;AU;;;;;AT;;;
D111200389;19764;;;NC;01/11/2012;0930;2;D;;36;11360;;;11000000000000000;0100;;17;0218;19764;;;AU;DYY3014;MO;;;CT;;;
D111200390;19764;;;PXR CEL OSCAR P;25/11/2012;0700;2;D;;36;11627;;;10000000000000000;0300;;17;0218;19764;;CSC4187;AU;;;;;CH;;;
D111200706;16838;;17000;;01/11/2012;0520;2;D;;46;5290;;;00100000000100000;0100;FL;31;0329;16838;;DZC0509;CM;FSH5040;ON;;;CO;;;
D111200708;16838;;17000;;10/11/2012;1530;2;D;;46;5458;;;30010000000000000;0100;FL;31;0329;16838;;DTE7023;CA;ERV9199;AU;DAL0915;AU;CT;;;
D111200806;13014;;17000;;03/11/2012;1100;2;D;;89;8311;;;20010000000000000;0100;PB;40;0342;13014;;EFU6975;AU;DSA3643;AU;FCR1057;CA;CO;;;
D111201169;04146;;;PXR.ANA SACRAME;23/11/2012;1310;4;D;;73;11971;;;00000000000000010;0100;;09;0435;04146;;;SI;;;;;AT;;;
D111201411;06238;;17000;;09/11/2012;1130;2;D;;11;96;;;21000000000000000;0100;PB;90;0601;13014;;ETC8300;AU;HCV1934;AU;FAY6891;MO;CO;;;
D111201423;06238;;17000;;07/11/2012;0950;2;D;;11;12247;;;11000000000000000;0100;PB;90;0602;13014;;DXN2039;MO;EQS3509;AU;;;CO;;;
D121200005;06642;13853;;;07/12/2012;1900;2;D;;01;8600;;;01000000000100000;0100;CT;80;0101;06642;13853;FGQ5384;CM;GJR3096;MO;;;CO;;;
D121200006;19764;;;ATVD.PEDROSO;07/12/2012;2030;2;D;;01;8610;;;01000000000000000;0100;;17;0101;19764;;EXK5354;MO;;;;;CH;;;
D121200010;15635;12165;;;03/12/2012;0820;2;D;;01;11162;;;00000001000000000;0100;CT;67;0101;02398;12165;DJB3213;OU;;;;;SI;;;
D121200011;16725;19745;;;03/12/2012;1119;4;D;;01;11183;;;10000000000000000;0100;CT;67;0101;16725;19745;ELW9194;AU;;;;;AT;;;
D121200012;15984;;713;;06/12/2012;1312;4;D;;01;11327;;;00010000000000000;0100;CT;01;0102;15984;;;CA;;;;;AT;;;
D121200014;10376;;;NC;07/12/2012;1730;2;D;;01;11374;;;11000000000000000;0100;;80;0102;10376;;CPM3563;AU;DJK8136;MO;;;CO;;;
D121200015;01454;;;PXP? SE;12/12/2012;1120;4;D;;01;11510;;;00000001000000000;0100;;80;0102;01454;;FCB2742;OU;;;;;AT;;;
D121200017;15984;19745;;;13/12/2012;1120;4;D;;01;11548;;;00000001000000000;0100;;;0102;15984;19745;DTB8897;OU;;;;;AT;;;
D121200021;10376;;10;;17/12/2012;0630;4;D;;01;11642;;;10000000000000000;0100;CT;80;0102;10376;;ESK7474;AU;;;;;AT;;;
D121200022;06642;;3967;;17/12/2012;1120;2;D;;01;11659;;;11000000000000000;0100;CT;09;0102;06642;;DBQ8655;AU;EKI9320;MO;;;CO;;;
D121200023;16725;19745;;;17/12/2012;1640;4;D;;01;11679;;;01000000000000000;0100;CT;67;0102;16725;19745;EJN6619;MO;;;;;AT;;;
D121200027;10376;;140;;27/12/2012;1500;2;D;;01;11943;;;11000000000000000;0100;CT;80;0103;10376;;NXZ5389;AU;ECT1640;MO;;;CO;;;
D121200029;01454;;45;;29/12/2012;0630;4;D;;01;11990;;;10000000000000000;0100;CT;80;0103;01454;;DPS8853;AU;;;;;AT;;;
D121200033;33602;;;NC;11/12/2012;0250;2;D;;01;8695;;;01000000000000000;0100;;01;0103;33602;;DZO2508;MO;;;;;QM;;;
D121200034;13853;06642;;;20/12/2012;1330;2;D;;01;11787;;;20000000000000000;0100;CT;80;0103;06642;13853;DPJ5847;AU;EZT7974;AU;;;CO;;;
D121200066;09276;;1000;;17/12/2012;1940;4;D;;03;193;;;10000000000000000;0100;CT;67;0108;09276;;;AU;;;;;AT;;;
D121200067;12132;;150;;01/12/2012;1030;2;D;;03;305;;;20000000000100000;0100;CT;67;0108;12132;;DPS4585;AU;NZJ0080;AU;ENV8362;CM;CO;;;
D121200071;16593;;545;;09/12/2012;1153;2;D;;03;3538;C;;20000000000000000;0100;CT;09;0108;16593;;DZM1916;AU;FEX6698;AU;;;CH;;;
D121200072;14804;;216;;15/12/2012;2234;4;D;;03;3676;;;00000001000000000;0100;CT;63;0108;14804;;DTD3441;OU;;;;;AT;;;
D121200073;17115;;100;;17/12/2012;2145;2;D;;03;3720;;;11000000000000000;0100;CT;05;0108;17115;;FFB7890;MO;EQG6500;AU;;;CO;;;
D121200076;16725;;107;;28/12/2012;2317;4;D;;03;3955;;;00000001000000000;0100;CT;09;0108;16725;;DTB1740;OU;;;;;AT;;;
D121200077;17986;15938;;;06/12/2012;1500;2;D;;03;9829;;;01000001000000000;0100;;;0109;15938;17986;ELW2978;OU;DRZ0755;MO;;;CO;;;
D121200079;99464;;;PXPRESTES MAIA;11/12/2012;1110;2;D;;03;9961;C;;01000000000001000;0100;;67;0109;99464;;DXH1841;JI;EHZ1358;MO;;;CO;;;
D121200081;18108;;277;;19/12/2012;1827;4;D;;03;10196;;;01000000000000000;0100;CT;07;0109;18108;;EOU1573;MO;;;;;AT;;;
D121200082;09276;17115;;;20/12/2012;1638;2;D;;03;10223;;;01000000000100000;0100;CT;67;0109;09276;17115;DUY4039;MO;CDF0153;CM;;;CO;;;
D121200083;12951;;;NC;07/12/2012;1130;4;D;;03;10230;;;00000000000000010;0100;;67;0109;12951;;;SI;;;;;AT;;;
D121200114;19764;;300;;17/12/2012;0645;2;D;;05;10589;;;00000000000100010;0100;VM;17;0113;19764;;EJY7722;CM;;SI;;;CT;;;
D121200268;15635;;10;;29/12/2012;1112;2;D;;1;12002;;;01000000000000000;0100;CT;80;0131;15635;;KVE2751;MO;;;;;QM;;;
D121200413;19764;;;NC;14/12/2012;1740;2;D;;36;4891;;;11000000000000000;0100;;17;0218;19764;;EXG3688;MO;FGE5645;AU;;;CO;;;
D121200449;01242;;10;;19/12/2012;1030;2;D;;95;5316;;;11000000000000000;0100;CT;80;0222;01242;;EVD7794;AU;EOS8034;MO;;;CO;;;
D121202286;35449;;17000;;01/12/2012;1715;2;D;;33;10572;;;01010000000000000;0101;RV;64;0001;35449;;DJZ1882;MO;ESW9781;CA;;;QM;;;
D121202309;06136;;401;;23/12/2012;0330;4;D;;08;8976;;;00010000000000000;0001;CT;80;0003;06136;;BTA1910;CA;;;;;AT;;;
